Date,commodity_x,average_price,unit,supply_Volume,temperature_avg,precipitation,wind_speed,air_pressure,rainfall_mm,USD_to_NPR,diesel
1/1/2022,Tomato_Big,115,के.जी.,0,9,0,4.7,1023.5,0,117.49,119
1/2/2022,Tomato_Big,115,के.जी.,8000,9.8,0,4.5,1022.3,0,117.49,119
1/3/2022,Tomato_Big,95,के.जी.,22375,10,0,5.3,1020.6,0,117.49,119
1/4/2022,Tomato_Big,96.67,के.जी.,8000,10.2,0,5,1020.6,0,117.47,119
1/5/2022,Tomato_Big,86.67,के.जी.,32500,11,0,5.8,1020.6,0,117.55,119
1/6/2022,Tomato_Big,96.67,के.जी.,11250,12,0,7,1020.3,0,117.42,119
1/7/2022,Tomato_Big,96.67,के.जी.,32500,12.4,0,4.7,1021.5,0,117.59,119
1/8/2022,Tomato_Big,76.67,के.जी.,0,12.3,0,4.3,1021.3,0,116.81,119
1/9/2022,Tomato_Big,75,के.जी.,34500,12.3,0,5.3,1018.9,0,116.81,119
1/10/2022,Tomato_Big,76.67,के.जी.,14000,12.4,0,6.7,1019.7,0,116.81,119
1/11/2022,Tomato_Big,76.67,के.जी.,25000,11.8,0,4.8,1019.6,0,117.02,119
1/12/2022,Tomato_Big,76.67,के.जी.,12000,10.3,0,6.1,1018.9,0,116.72,119
1/13/2022,Tomato_Big,76.67,के.जी.,12000,9.5,3,6.2,1018.8,0,116.88,119
1/14/2022,Tomato_Big,76.67,के.जी.,0,9.3,0,5,1019.4,0,116.68,119
1/15/2022,Tomato_Big,76.67,के.जी.,0,9.4,0,5.8,1019.6,0,117.07,119
1/16/2022,Tomato_Big,66.67,के.जी.,0,9.8,0,5.3,1021.1,0,117.07,119
1/17/2022,Tomato_Big,66.67,के.जी.,11250,10.3,0,5.7,1022.5,0,117.07,119
1/18/2022,Tomato_Big,66.67,के.जी.,22500,10.6,0,6.8,1019.8,0,117.28,119
1/19/2022,Tomato_Big,66.67,के.जी.,24250,10.9,0,6.5,1017.1,0,117.86,122
1/20/2022,Tomato_Big,55,के.जी.,10625,9,0.3,3.7,1014.6,0,117.47,122
1/21/2022,Tomato_Big,56.67,के.जी.,23250,8.7,1.8,5.1,1014.4,0,117.73,122
1/22/2022,Tomato_Big,56.67,के.जी.,0,8.5,0,4.5,1013.9,0,117.56,122
1/23/2022,Tomato_Big,56.67,के.जी.,12000,9,0,5,1014.8,0,117.56,122
1/24/2022,Tomato_Big,56.67,के.जी.,16625,9.2,0,5,1015.2,0,117.56,122
1/25/2022,Tomato_Big,55,के.जी.,0,9.7,0,6.6,1015.4,0,117.8,122
1/26/2022,Tomato_Big,56.67,के.जी.,16000,8.2,0,8.7,1015.5,0,118.06,122
1/27/2022,Tomato_Big,55,के.जी.,10000,8.3,0,7.9,1015,0,118.25,122
1/28/2022,Tomato_Big,56.67,के.जी.,0,8.1,0,7.4,1016.1,0,118.62,122
1/29/2022,Tomato_Big,66.67,के.जी.,0,8,0,5.9,1016.6,0,118.44,122
1/30/2022,Tomato_Big,65,के.जी.,23250,8.7,0,8.4,1013,0,118.44,122
1/31/2022,Tomato_Big,66.67,के.जी.,18000,9.2,0,7.1,1014,0,118.44,122
2/4/2022,Tomato_Big,76.67,के.जी.,48000,5.8,41.9,9.4,1013.2,0,118.04,122
2/5/2022,Tomato_Big,76.67,के.जी.,5000,7.1,8.4,5,1013,0,118.09,122
2/6/2022,Tomato_Big,75,के.जी.,27200,8.7,0,6.2,1017,0,118.09,122
2/7/2022,Tomato_Big,76.67,के.जी.,12000,9.5,0,6.6,1016.6,0,118.09,122
2/8/2022,Tomato_Big,76.67,के.जी.,36000,10.2,0,6.9,1016,0,117.92,122
2/9/2022,Tomato_Big,86.67,के.जी.,58450,11.3,0,6.6,1018.1,0,118.05,122
2/10/2022,Tomato_Big,76.67,के.जी.,11250,10.7,0,10.8,1017.2,0,118.2,122
2/11/2022,Tomato_Big,76.67,के.जी.,12125,9.8,0,8.8,1015.6,0,118.32,122
2/12/2022,Tomato_Big,76.67,के.जी.,0,10.2,0,5.3,1016.1,0,119.39,122
2/13/2022,Tomato_Big,65,के.जी.,0,10.8,0,6,1016.3,0,119.39,122
2/14/2022,Tomato_Big,76.67,के.जी.,33250,11.6,0,6.2,1016.4,0,119.39,122
2/15/2022,Tomato_Big,76.67,के.जी.,85375,11.9,0,7.3,1015.8,0,119.26,122
2/16/2022,Tomato_Big,76.67,के.जी.,55250,11.4,0,7.2,1013.4,0,119.16,122
2/17/2022,Tomato_Big,76.67,के.जी.,11250,11.5,0,6.9,1013.2,0,118.5,122
2/18/2022,Tomato_Big,76.67,के.जी.,66250,12,0,7,1015,0,118.4,122
2/19/2022,Tomato_Big,76.67,के.जी.,36750,11.9,0,7.9,1014.3,0,117.99,128
2/20/2022,Tomato_Big,75,के.जी.,48955,9.8,0,10.8,1010,0,117.99,128
2/21/2022,Tomato_Big,75,के.जी.,65500,9.7,1.8,7.6,1011.5,0,117.99,128
2/22/2022,Tomato_Big,65,के.जी.,67375,10.8,0,9.7,1017.7,0,117.86,128
2/23/2022,Tomato_Big,65,के.जी.,54000,12.8,0,6.1,1021.1,0,118.08,128
2/24/2022,Tomato_Big,65,के.जी.,89200,13.5,0,6.6,1020.3,0,117.83,128
2/25/2022,Tomato_Big,65,के.जी.,44750,12.8,0,8.8,1021.1,0,119.5,128
2/27/2022,Tomato_Big,55,के.जी.,85000,13.5,0,8.3,1020.5,0,118.05,128
2/28/2022,Tomato_Big,66.67,के.जी.,41050,13.7,0,7.3,1019,0,118.05,128
3/1/2022,Tomato_Big,66.67,के.जी.,86640,14.3,0,7.1,1020.3,0,119.23,128
3/2/2022,Tomato_Big,56.67,के.जी.,62800,14.4,0,9.6,1020.2,0,119.56,128
3/3/2022,Tomato_Big,56.67,के.जी.,23750,14.8,0,10.7,1019.5,0,119.65,133
3/5/2022,Tomato_Big,65,के.जी.,47450,15.4,0,8.9,1016.8,0,120.92,133
3/6/2022,Tomato_Big,65,के.जी.,65425,16.4,0,7,1019.3,0,120.92,133
3/7/2022,Tomato_Big,65,के.जी.,84650,17.8,0,7.3,1020.5,0,120.92,133
3/8/2022,Tomato_Big,55,के.जी.,42975,18.2,0,8,1018.3,0,121.28,133
3/9/2022,Tomato_Big,56.67,के.जी.,81950,18.2,0,8.8,1017.8,0,121.15,133
3/10/2022,Tomato_Big,56.67,के.जी.,65700,17.9,0,9.6,1017.6,0,121.38,133
3/11/2022,Tomato_Big,46.67,के.जी.,47500,17.8,0,8.2,1016.8,0,120.44,133
3/12/2022,Tomato_Big,46.67,के.जी.,69250,18.2,0,9.6,1016.4,0,120.41,133
3/13/2022,Tomato_Big,45,के.जी.,88375,18.8,0,7.7,1017.5,0,120.41,133
3/14/2022,Tomato_Big,56.67,के.जी.,35506,20,0,7.2,1017.4,0,120.41,133
3/15/2022,Tomato_Big,61,के.जी.,56500,20.5,0,9.2,1014.4,0,120.78,133
3/16/2022,Tomato_Big,55,के.जी.,93695,20.2,4.6,9.2,1013.1,0,120.75,138
3/17/2022,Tomato_Big,65,के.जी.,107243,20.6,4.6,7.7,1015.8,0,120.52,138
3/18/2022,Tomato_Big,65,के.जी.,93260,20.4,0,6.8,1016.3,0,119.75,138
3/19/2022,Tomato_Big,57.5,के.जी.,97000,21.3,0,8.7,1014.1,0,120.19,138
3/20/2022,Tomato_Big,60,के.जी.,50625,21,0,9,1012.8,0,120.19,138
3/21/2022,Tomato_Big,65,के.जी.,55575,20.3,0,9.4,1013.4,0,120.19,138
3/22/2022,Tomato_Big,65,के.जी.,97350,19.9,0,8.1,1014.1,0,120.16,138
3/23/2022,Tomato_Big,70,के.जी.,132595,19.9,0,9.1,1014.6,0,120,138
3/25/2022,Tomato_Big,65,के.जी.,185920,19.8,0.3,13.4,1012.2,0,120.47,138
3/26/2022,Tomato_Big,65,के.जी.,85960,19.8,0,8.2,1013.5,0,120.2,138
3/27/2022,Tomato_Big,65,के.जी.,59825,20.1,0,10.4,1016.2,0,120.2,138
3/29/2022,Tomato_Big,55,के.जी.,45500,20.2,0,9.1,1013.8,0,120.2,138
3/31/2022,Tomato_Big,55,के.जी.,107060,20.5,0,9.8,1014.3,0,119.96,138
4/1/2022,Tomato_Big,56.67,के.जी.,110200,20.8,0,7.1,1014.3,0,119.47,138
4/2/2022,Tomato_Big,56.67,के.जी.,106650,21.8,0,9.8,1016.2,0,120.21,138
4/3/2022,Tomato_Big,55,के.जी.,141475,22.2,0,8.5,1015.4,0,120.21,138
4/4/2022,Tomato_Big,55,के.जी.,105025,22,0,11,1014.9,0,120.21,138
4/5/2022,Tomato_Big,55,के.जी.,72750,22.3,0,9.4,1018.4,0,119.26,143
4/6/2022,Tomato_Big,65,के.जी.,80900,22.2,0,11,1018.6,0,118.93,143
4/7/2022,Tomato_Big,65,के.जी.,125650,21.5,0,10,1017.7,0,119.66,143
4/8/2022,Tomato_Big,65,के.जी.,78285,21.9,0,9.8,1016,0,119.93,143
4/9/2022,Tomato_Big,65,के.जी.,72385,20.2,1,6.5,1014.5,0,119.82,143
4/10/2022,Tomato_Big,75,के.जी.,79875,20.4,1.3,8.2,1012.6,0,119.82,143
4/11/2022,Tomato_Big,75,के.जी.,121975,21.9,0.8,8.5,1012.9,0,119.82,143
4/12/2022,Tomato_Big,75,के.जी.,57350,22.4,0,11.5,1013.4,0,120.1,143
4/13/2022,Tomato_Big,55,के.जी.,82450,22.4,0,9,1011.6,0,120.22,143
4/14/2022,Tomato_Big,66.67,के.जी.,107950,22.6,3,10.3,1011.2,0,120.2,143
4/15/2022,Tomato_Big,56.67,के.जी.,93750,22.5,0,8.8,1010.8,0,120.26,143
4/16/2022,Tomato_Big,56.67,के.जी.,77935,22.2,0,9.8,1011.1,0,121.29,143
4/17/2022,Tomato_Big,55,के.जी.,40075,21.8,0,9.5,1012.5,0,121.29,143
4/18/2022,Tomato_Big,55,के.जी.,76885,22.5,0,9.2,1014.8,0,121.29,143
4/19/2022,Tomato_Big,56.67,के.जी.,64475,21,0,10.1,1014.8,0,121.39,143
4/20/2022,Tomato_Big,56.67,के.जी.,48450,19.5,2.3,5.4,1014.5,0,120.53,143
4/21/2022,Tomato_Big,55,के.जी.,46575,22.1,0.3,8.2,1015.1,0,120.8,143
4/22/2022,Tomato_Big,56.67,के.जी.,59156,20.6,0,13.3,1014.6,0,120.94,143
4/23/2022,Tomato_Big,56.67,के.जी.,48750,21.9,1,9,1014.3,0,120.92,143
4/24/2022,Tomato_Big,55,के.जी.,47700,22.6,0,9.7,1012.1,0,120.92,143
4/25/2022,Tomato_Big,65,के.जी.,39500,22.8,0,7,1012.5,0,120.92,143
4/26/2022,Tomato_Big,56.67,के.जी.,16500,23.3,0,8.6,1013.9,0,120.96,143
4/27/2022,Tomato_Big,55,के.जी.,22200,22.9,0,9,1013.8,0,121.09,143
4/28/2022,Tomato_Big,66.67,के.जी.,27050,23.5,0,9.5,1015.2,0,121.01,143
4/29/2022,Tomato_Big,66.67,के.जी.,49650,19.9,1.5,7.5,1013.2,0,120.62,143
4/30/2022,Tomato_Big,66.67,के.जी.,8450,18,3,7.9,1012.2,0,120.64,143
5/1/2022,Tomato_Big,66.67,के.जी.,40175,21.4,0.5,7.7,1012.4,0,120.64,143
5/2/2022,Tomato_Big,66.67,के.जी.,35700,19,0,6.9,1011.7,0,120.64,143
5/3/2022,Tomato_Big,85,के.जी.,42375,20.7,5.1,7.4,1013.7,0,120.69,143
5/4/2022,Tomato_Big,76.67,के.जी.,33470,20.7,0,8.4,1015.3,0,120.49,143
5/5/2022,Tomato_Big,76.67,के.जी.,18125,20.8,25.9,7.9,1014.2,0,120.52,143
5/6/2022,Tomato_Big,66.67,के.जी.,29450,20.2,0.8,8.5,1014.6,0,120.53,143
5/7/2022,Tomato_Big,66.67,के.जी.,28250,20.2,0,7.6,1014.3,0,121.18,143
5/8/2022,Tomato_Big,65,के.जी.,31000,20.4,1.3,7.6,1014.1,0,121.18,143
5/9/2022,Tomato_Big,75,के.जी.,48675,21.3,0,7.2,1014.5,0,121.18,143
5/10/2022,Tomato_Big,76.67,के.जी.,16250,22.3,23.4,8.2,1013.6,0,122.44,143
5/11/2022,Tomato_Big,66.67,के.जी.,22000,20.8,8.9,7.4,1012.2,0,122.07,143
5/12/2022,Tomato_Big,65,के.जी.,11250,22.5,0.3,6.9,1011.1,0,121.96,143
5/18/2022,Tomato_Big,116.67,के.जी.,21500,23.2,0,11.7,1011.8,0,122.2,143
5/19/2022,Tomato_Big,115,के.जी.,4400,23.5,0,10.2,1011.3,0,122.4,143
5/21/2022,Tomato_Big,115,के.जी.,0,21.9,8.4,8.5,1006.4,0,122.59,143
5/22/2022,Tomato_Big,95,के.जी.,21000,19.5,7.6,9.2,1006.1,0,122.59,163
5/23/2022,Tomato_Big,125,के.जी.,11900,19.8,16.5,8.2,1008.6,0,122.59,163
5/24/2022,Tomato_Big,115,के.जी.,11500,21.5,0,6.2,1012.7,0,122.47,163
5/25/2022,Tomato_Big,105,के.जी.,0,18.5,49.8,6.2,1013.5,0,122.66,163
5/28/2022,Tomato_Big,116.67,के.जी.,0,20.2,3.6,2.1,1008.5,0,122.5,163
5/29/2022,Tomato_Big,125,के.जी.,11000,21.3,13.6,7.8,1008.8,0,122.5,163
5/30/2022,Tomato_Big,115,के.जी.,2400,22.8,1.5,6.5,1008.9,0,122.5,163
5/31/2022,Tomato_Big,140,के.जी.,1875,21.5,6.9,6.2,1009.6,0,122.38,163
6/1/2022,Tomato_Big,150,के.जी.,3726,22.8,0,5.4,1009.8,0,122.58,163
6/20/2022,Tomato_Big,95,के.जी.,4500,22.6,0,8.3,1007.4,0,123.49,163
6/21/2022,Tomato_Big,86.67,के.जी.,14450,22,25.4,5.9,1007.2,0,123.24,163
6/27/2022,Tomato_Big,85,के.जी.,0,23.2,13.7,5.5,1010.6,0,123.64,163
6/30/2022,Tomato_Big,96.67,के.जी.,4675,23.2,2.4,7.7,1008.7,0,124.68,163
7/1/2022,Tomato_Big,96.67,के.जी.,5500,24.7,10.5,8,1008.6,0,124.54,163
7/2/2022,Tomato_Big,96.67,के.जी.,2500,23.4,25.2,8.3,1007.5,0,124.64,163
7/3/2022,Tomato_Big,95,के.जी.,9425,23.5,32.2,5.8,1007.7,0,124.64,163
7/4/2022,Tomato_Big,85,के.जी.,22500,24.2,0.5,6.4,1007.8,0,124.64,172
7/5/2022,Tomato_Big,75,के.जी.,2750,24.2,0.3,7.3,1008.2,0,124.66,172
7/6/2022,Tomato_Big,86.67,के.जी.,5150,23.8,13,5.5,1012.5,0,124.89,172
7/7/2022,Tomato_Big,76.67,के.जी.,1825,24.8,11.4,8.7,1011.9,0,125.28,172
7/8/2022,Tomato_Big,66.67,के.जी.,25750,22.7,48.3,6.1,1009.8,0,125,172
7/9/2022,Tomato_Big,66.67,के.जी.,7750,22.4,8.4,7.4,1009.5,0,124.55,172
7/10/2022,Tomato_Big,60,के.जी.,3350,23.9,13.2,7.2,1009.1,0,124.55,172
7/11/2022,Tomato_Big,65,के.जी.,0,24.1,2.3,6.3,1009.5,0,124.55,172
7/12/2022,Tomato_Big,65,के.जी.,0,24,1.5,7.1,1008.5,0,125.55,172
7/15/2022,Tomato_Big,55,के.जी.,2000,25.2,5.2,6.7,1011,0,126.03,172
7/25/2022,Tomato_Big,65,के.जी.,0,22.8,6.9,8,1014.6,0,125.54,172
7/26/2022,Tomato_Big,66.67,के.जी.,5250,22,20.6,6.4,1014.6,0,125.95,172
7/27/2022,Tomato_Big,67.5,के.जी.,0,22.3,43.4,4.5,1015,0,125.83,172
8/3/2022,Tomato_Big,42.5,के.जी.,10000,22.8,5.1,5.2,1011.6,0,124.06,172
8/4/2022,Tomato_Big,42.5,के.जी.,0,22.4,3.3,5,1013.2,0,124.83,172
8/5/2022,Tomato_Big,47.5,के.जी.,5000,24.3,0,7.3,1010.9,0,125.38,172
8/6/2022,Tomato_Big,57.5,के.जी.,750,22.9,38.1,5.8,1008.4,0,125.61,172
8/7/2022,Tomato_Big,55,के.जी.,0,24.3,1.3,5.9,1009.4,0,125.61,172
8/8/2022,Tomato_Big,57.5,के.जी.,11350,24.1,2.8,8.2,1008.1,0,125.61,172
8/9/2022,Tomato_Big,60,के.जी.,6000,24.5,5.3,10.2,1008,0,125.54,172
8/10/2022,Tomato_Big,57.5,के.जी.,0,23.9,76.2,7.4,1006.8,0,125.6,172
8/11/2022,Tomato_Big,65,के.जी.,18250,24.4,0.5,9,1009.2,0,125.55,172
8/12/2022,Tomato_Big,67,के.जी.,0,24.9,0,8.7,1009.6,0,125.61,172
8/13/2022,Tomato_Big,53,के.जी.,0,23.9,4.1,6.1,1009.1,0,125.69,172
8/14/2022,Tomato_Big,51.67,के.जी.,9150,23.3,32,5.3,1010.9,0,125.69,172
8/15/2022,Tomato_Big,55,के.जी.,13875,24,1,10,1014.1,0,125.69,172
8/16/2022,Tomato_Big,52.5,के.जी.,0,24.5,0,8.1,1013.7,0,125.54,172
8/17/2022,Tomato_Big,52.5,के.जी.,8050,24.3,0,6.9,1011.7,0,125.26,172
8/18/2022,Tomato_Big,53.75,के.जी.,16750,24.8,1.5,8.5,1008.4,0,125.38,172
8/19/2022,Tomato_Big,47.5,के.जी.,0,22.9,24.9,8.3,1009.6,0,125.74,172
8/20/2022,Tomato_Big,48.33,के.जी.,0,23.4,37.1,6.9,1010.8,0,126.1,172
8/21/2022,Tomato_Big,47.67,के.जी.,4750,24.4,0,9.9,1009.9,0,126.1,172
8/22/2022,Tomato_Big,47.5,के.जी.,0,24.4,0,8.3,1010.5,0,126.1,172
8/23/2022,Tomato_Big,42.5,के.जी.,3250,23.3,29.2,5.1,1011.6,0,126.02,172
8/24/2022,Tomato_Big,47.5,के.जी.,14625,24,3.3,6.4,1014.5,0,126.02,172
8/25/2022,Tomato_Big,47.5,के.जी.,24775,24.4,0,9.4,1012.9,0,126.02,172
8/26/2022,Tomato_Big,57.5,के.जी.,1075,23.8,0.3,8.9,1011.8,0,125.91,172
8/27/2022,Tomato_Big,65,के.जी.,4000,23.8,0,7.9,1010.2,0,126.64,172
8/28/2022,Tomato_Big,65,के.जी.,0,22.3,30.5,6.5,1012.3,0,126.64,172
8/29/2022,Tomato_Big,68.33,के.जी.,0,24,3.6,6.8,1015.4,0,126.64,172
8/30/2022,Tomato_Big,62.5,के.जी.,375,24.2,0,9.5,1015.2,0,126.24,172
8/31/2022,Tomato_Big,62.5,के.जी.,9775,22.8,1.8,6.6,1013,0,125.27,172
9/1/2022,Tomato_Big,58.33,के.जी.,22000,22.7,0,5.6,1014.7,0,125.39,178
9/4/2022,Tomato_Big,55,के.जी.,0,23.3,16.5,8.9,1010.4,0,126.06,178
9/6/2022,Tomato_Big,58.33,के.जी.,1100,23.3,3,8.8,1012.5,0,126.06,178
9/7/2022,Tomato_Big,53.33,के.जी.,0,21.9,40.4,5.3,1014.7,0,125.85,178
9/8/2022,Tomato_Big,57.5,के.जी.,4250,21.4,1.5,5.5,1016.6,0,126.12,178
9/9/2022,Tomato_Big,52.5,के.जी.,6400,21.8,9.9,6,1016.6,0,125.8,178
9/10/2022,Tomato_Big,52.5,के.जी.,13675,21.9,14.5,4.7,1015.4,0,125.39,178
9/11/2022,Tomato_Big,52.5,के.जी.,12000,21.9,5.3,5.6,1013.9,0,125.39,178
9/12/2022,Tomato_Big,53.33,के.जी.,1500,22.7,0.3,7.1,1012.2,0,125.39,178
9/13/2022,Tomato_Big,53.33,के.जी.,2375,21.5,5.1,6.4,1013.4,0,125.6,178
9/14/2022,Tomato_Big,47.5,के.जी.,2500,21.4,9.4,6.9,1014.2,0,124.82,178
9/15/2022,Tomato_Big,52.33,के.जी.,4625,21.5,20.1,4.7,1012.9,0,125.44,178
9/16/2022,Tomato_Big,65,के.जी.,500,21.5,3.3,7.4,1009.9,0,125.51,178
9/17/2022,Tomato_Big,65,के.जी.,5400,21.3,7.6,5.3,1011.8,0,124.58,178
9/18/2022,Tomato_Big,65,के.जी.,5000,22.7,0,5.7,1013.4,0,124.58,178
9/19/2022,Tomato_Big,65,के.जी.,5000,22,0.3,6.5,1014,0,124.58,178
9/20/2022,Tomato_Big,47.5,के.जी.,0,22.6,0.3,6.2,1014,0,125.64,178
9/21/2022,Tomato_Big,48.33,के.जी.,11250,22.9,0.3,8.5,1014.1,0,125.75,178
9/22/2022,Tomato_Big,48.33,के.जी.,0,23,6.6,7.3,1014.1,0,126.26,178
9/23/2022,Tomato_Big,47.6,के.जी.,2500,22.8,16.3,6.7,1013.8,0,127.45,178
9/24/2022,Tomato_Big,53.33,के.जी.,4525,22.7,6.8,5.9,1013.5,0,128.49,178
9/25/2022,Tomato_Big,55,के.जी.,11500,22.1,20.8,7.6,1014.7,0,128.49,178
9/26/2022,Tomato_Big,55,के.जी.,250,21.9,5.8,5,1015.7,0,128.49,178
9/27/2022,Tomato_Big,55,के.जी.,12000,21.8,0,7.5,1013.9,0,128.61,178
9/28/2022,Tomato_Big,48.33,के.जी.,1750,22,1.4,6.8,1013.6,0,128.79,178
9/29/2022,Tomato_Big,55,के.जी.,3500,22.3,0.7,7.2,1013.4,0,129.51,178
9/30/2022,Tomato_Big,43.33,के.जी.,11000,22.1,12.6,5.9,1013.8,0,129.3,178
10/1/2022,Tomato_Big,49,के.जी.,0,22.4,0,7.5,1013.1,0,128.63,178
10/2/2022,Tomato_Big,55,के.जी.,5050,22.6,0,5.8,1013.2,0,128.63,178
10/3/2022,Tomato_Big,60,के.जी.,0,22.5,34,7.6,1014,0,128.63,178
10/4/2022,Tomato_Big,58.33,के.जी.,0,20.2,16.8,4.1,1017.3,0,129.11,178
10/5/2022,Tomato_Big,42.5,के.जी.,0,19.7,53.2,7.6,1018.5,0,128.86,178
10/6/2022,Tomato_Big,47.5,के.जी.,0,17.9,47.8,4.1,1017.4,0,129.22,178
10/7/2022,Tomato_Big,47.5,के.जी.,0,19.5,9.4,4,1018.2,0,129.36,178
10/8/2022,Tomato_Big,47.5,के.जी.,0,20.7,1.3,6.8,1018.5,0,130.79,178
10/9/2022,Tomato_Big,47.67,के.जी.,0,21.3,0,6.5,1019.3,0,130.79,178
10/10/2022,Tomato_Big,42.5,के.जी.,1125,20.4,0,6.2,1019.6,3.2,130.79,178
10/11/2022,Tomato_Big,41.67,के.जी.,0,19.5,0.3,4.1,1017.3,0.3,129.9,178
10/12/2022,Tomato_Big,65,के.जी.,0,20.5,6,6.1,1016.9,0.5,130,178
10/13/2022,Tomato_Big,75,के.जी.,10000,20.5,0.5,7.1,1018.1,0.2,129.92,178
10/14/2022,Tomato_Big,65,के.जी.,8900,20.2,0.5,6.8,1018.1,2.6,130.1,178
10/15/2022,Tomato_Big,70,के.जी.,3750,20.3,0,6,1017.7,1.9,130.12,178
10/16/2022,Tomato_Big,65,के.जी.,0,19.5,0,8.3,1020.3,0.1,130.12,178
10/17/2022,Tomato_Big,65,के.जी.,0,18.8,0,6.4,1020.1,0,130.12,178
10/18/2022,Tomato_Big,65,के.जी.,1275,17.7,0,6.2,1018.6,0.1,130.11,178
10/19/2022,Tomato_Big,65,के.जी.,625,17.4,0,6.9,1019,0.6,129.89,178
10/20/2022,Tomato_Big,65,के.जी.,0,17.6,0,5.6,1021,0.7,131.14,178
10/21/2022,Tomato_Big,65,के.जी.,2525,18.1,0,5.8,1022.5,0,130.51,178
10/22/2022,Tomato_Big,65,के.जी.,0,17.6,0,7,1023.4,0.8,129.14,178
10/23/2022,Tomato_Big,65,के.जी.,5550,18.3,0,6,1022.4,0.4,129.14,178
10/24/2022,Tomato_Big,65,के.जी.,0,18.4,0,6.5,1016,0,129.14,178
10/25/2022,Tomato_Big,75,के.जी.,0,17.7,0,7.2,1014.3,0,130.01,178
10/26/2022,Tomato_Big,75,के.जी.,0,17.4,0,6.8,1019.2,0.1,130.68,178
10/27/2022,Tomato_Big,80,के.जी.,0,17.2,0,7,1019.5,2.6,129.47,178
10/28/2022,Tomato_Big,85,के.जी.,0,17.2,0,5.8,1019.6,1.3,129.98,178
10/29/2022,Tomato_Big,75,के.जी.,6750,17.3,0,5.3,1020.5,0.6,130.83,178
10/30/2022,Tomato_Big,95,के.जी.,0,17.4,0,5.6,1020.6,0,130.83,178
10/31/2022,Tomato_Big,95,के.जी.,3000,17.2,0,5.4,1020.7,0,130.83,178
11/1/2022,Tomato_Big,95,के.जी.,4200,16.9,0,5.6,1021,0,130.88,178
11/2/2022,Tomato_Big,76.67,के.जी.,13600,16.4,0,5.1,1018.6,0,130.46,178
11/3/2022,Tomato_Big,76.67,के.जी.,2000,16.3,0,4.8,1018.6,0,130.56,178
11/4/2022,Tomato_Big,76.67,के.जी.,0,16.6,0,5,1020.9,0.3,130.67,178
11/5/2022,Tomato_Big,65,के.जी.,10000,16.9,0,5.7,1022.8,0.1,128.33,178
11/6/2022,Tomato_Big,75,के.जी.,3750,16.4,0,6.9,1022.6,1.6,128.33,178
11/7/2022,Tomato_Big,76.67,के.जी.,2500,16.3,0,6.8,1021.5,0,128.33,178
11/8/2022,Tomato_Big,65,के.जी.,7350,16.4,0,4.8,1021.7,0,129.69,178
11/9/2022,Tomato_Big,60,के.जी.,7350,16.8,0,5.2,1021.6,1.1,128.78,178
11/10/2022,Tomato_Big,60,के.जी.,16750,16.2,0,6.3,1021.7,0.2,128.45,178
11/11/2022,Tomato_Big,55,के.जी.,5000,15.3,0,5.9,1020.7,0,129.06,178
11/12/2022,Tomato_Big,55,के.जी.,0,14.5,0,6.9,1019.8,0.4,126.65,178
11/13/2022,Tomato_Big,55,के.जी.,4000,14,0,5.4,1019.5,0,126.65,178
11/14/2022,Tomato_Big,55,के.जी.,2600,14.4,0,6,1020.6,0,126.65,178
11/15/2022,Tomato_Big,55,के.जी.,500,14.4,0,5.7,1019.4,0,128.4,178
11/16/2022,Tomato_Big,55,के.जी.,4800,14.7,0,6,1017.9,0.8,127.99,178
11/17/2022,Tomato_Big,55,के.जी.,0,13.9,0,5.3,1017.4,1.2,128.38,178
11/18/2022,Tomato_Big,55,के.जी.,1750,14.4,0,6.1,1020.1,0,128.88,178
11/19/2022,Tomato_Big,55,के.जी.,0,14.6,0,4.8,1020.8,0,128.94,178
11/21/2022,Tomato_Big,55,के.जी.,0,14.1,0,5.8,1017.5,0,128.94,178
11/22/2022,Tomato_Big,55,के.जी.,6000,13.6,0,5.4,1017.5,0,129.24,178
11/23/2022,Tomato_Big,55,के.जी.,2000,13.5,0,6,1017.8,0,129.01,178
11/24/2022,Tomato_Big,55,के.जी.,5000,14,0,5.6,1018.8,0,129.32,178
11/25/2022,Tomato_Big,55,के.जी.,0,14.5,0,5.3,1020.9,0,129.01,178
11/26/2022,Tomato_Big,45,के.जी.,750,14.6,0,6.2,1018,0,128.92,178
11/27/2022,Tomato_Big,55,के.जी.,4000,14.3,0,6,1016.2,0,128.92,178
11/28/2022,Tomato_Big,45,के.जी.,1075,13.6,0,5.8,1017.7,0,128.92,178
11/29/2022,Tomato_Big,45,के.जी.,0,13.7,0,5.2,1019.7,0,129.1,178
11/30/2022,Tomato_Big,46,के.जी.,3750,13.7,0,4.8,1020.5,0,129.11,178
12/1/2022,Tomato_Big,55,के.जी.,18550,12.9,0,5.4,1019.4,0,128.51,178
12/2/2022,Tomato_Big,45,के.जी.,0,13.1,0,5.7,1019,0,128.34,178
12/3/2022,Tomato_Big,65,के.जी.,2750,12.8,0,6.1,1019.3,0,128.36,178
12/4/2022,Tomato_Big,65,के.जी.,7025,12.7,0,5.3,1019.4,0,128.36,178
12/5/2022,Tomato_Big,45,के.जी.,14250,12.6,0,5.1,1020.6,0,128.36,178
12/6/2022,Tomato_Big,55,के.जी.,0,12.4,0,5.7,1018.5,0,129.21,178
12/7/2022,Tomato_Big,45,के.जी.,12100,12.2,0,6.7,1018,0,130.53,178
12/8/2022,Tomato_Big,45,के.जी.,11125,12.4,0,5,1019.2,0,130.24,178
12/9/2022,Tomato_Big,55,के.जी.,0,12.3,0,5.6,1018.7,0,130.22,178
12/10/2022,Tomato_Big,55,के.जी.,0,12.2,0,5.2,1018.7,0,130.23,178
12/11/2022,Tomato_Big,55,के.जी.,15750,12.1,0,6.1,1018.1,0,130.23,178
12/12/2022,Tomato_Big,45,के.जी.,2300,12,0,5.6,1017.4,0,130.23,178
12/13/2022,Tomato_Big,45,के.जी.,3000,11.8,0,5.6,1017.5,0,130.34,178
12/14/2022,Tomato_Big,55,के.जी.,0,11.3,0,6.3,1017.8,0,130.57,178
12/15/2022,Tomato_Big,55,के.जी.,23450,12.3,0,6.4,1016.6,0,130.48,178
12/16/2022,Tomato_Big,55,के.जी.,6475,12.6,0,5.3,1016.5,0,130.82,175
12/17/2022,Tomato_Big,45,के.जी.,0,12.4,0.8,5.7,1019,0.2,131.33,175
12/18/2022,Tomato_Big,45,के.जी.,0,12.4,0,5.5,1019.6,0,131.33,175
12/19/2022,Tomato_Big,35,के.जी.,0,11.9,0,6.1,1017.7,0,131.33,175
12/20/2022,Tomato_Big,36.67,के.जी.,10500,11.6,0,6.7,1016.5,0,130.6,175
12/21/2022,Tomato_Big,35,के.जी.,0,11.7,0,5.2,1017.4,0,130.83,175
12/22/2022,Tomato_Big,35,के.जी.,0,11,0,5.4,1016.4,0,130.75,175
12/23/2022,Tomato_Big,34,के.जी.,0,10.8,0,5,1016.8,0,130.69,175
12/24/2022,Tomato_Big,35,के.जी.,2000,10.7,0,5.5,1018,0,130.9,175
12/25/2022,Tomato_Big,35,के.जी.,1350,10.4,0,5.7,1018.4,0,130.9,175
12/26/2022,Tomato_Big,36.67,के.जी.,4000,10.7,0,6.2,1020,0,130.9,175
12/27/2022,Tomato_Big,50,के.जी.,15500,9.9,0,6.2,1017.2,0,130.87,175
12/28/2022,Tomato_Big,55,के.जी.,10500,9.1,0,6.7,1017.4,0,131.02,175
12/29/2022,Tomato_Big,45,के.जी.,0,9,0,5.1,1020.4,0,131.02,175
12/30/2022,Tomato_Big,45,के.जी.,250,9,0,5.1,1022,0,130.82,175
12/31/2022,Tomato_Big,45,के.जी.,4500,8.9,0,5.5,1020.9,0,130.54,175
1/1/2023,Tomato_Big,45,के.जी.,10000,9.6,0,6.2,1022.4,0.2,130.54,175
1/2/2023,Tomato_Big,46.67,के.जी.,10375,9.7,0,5.4,1023,0,130.54,175
1/3/2023,Tomato_Big,45,के.जी.,30650,9.7,0,4.8,1023.1,0,130.86,175
1/4/2023,Tomato_Big,55,के.जी.,22975,8.8,0,6.3,1022.8,0.7,131.08,175
1/5/2023,Tomato_Big,46.67,के.जी.,48750,9.1,0,6,1024.5,0,130.89,175
1/6/2023,Tomato_Big,36.67,के.जी.,51275,9.6,0,6.3,1025,0,130.79,175
1/7/2023,Tomato_Big,45,के.जी.,47750,10.3,0,6.5,1023.3,0,130.67,175
1/8/2023,Tomato_Big,45,के.जी.,60500,10.3,0,5.5,1022.2,0,130.67,172
1/9/2023,Tomato_Big,45,के.जी.,61150,10.6,0,5.1,1022.9,0,130.67,172
1/10/2023,Tomato_Big,45,के.जी.,45750,10.9,0,6.3,1020.4,0,130.18,172
1/11/2023,Tomato_Big,46.67,के.जी.,0,10.4,0,6.8,1017.9,0,129.3,172
1/12/2023,Tomato_Big,46.67,के.जी.,52750,10.4,0,7.1,1016,0,128.95,172
1/13/2023,Tomato_Big,46.67,के.जी.,66050,10.4,0,7.3,1016.9,0,128.89,172
1/14/2023,Tomato_Big,45,के.जी.,66050,10.5,0,8.5,1016.3,0,128.14,172
1/15/2023,Tomato_Big,45,के.जी.,21000,9.4,0,6.8,1014.8,0,128.14,172
1/16/2023,Tomato_Big,45,के.जी.,32500,9,0,6.4,1016.5,0,128.14,172
1/17/2023,Tomato_Big,45,के.जी.,55500,9.1,0,5.6,1017.1,0,129.17,172
1/18/2023,Tomato_Big,45,के.जी.,76250,8.8,0,6.5,1019.2,0,129.36,172
1/19/2023,Tomato_Big,56.67,के.जी.,59500,8.2,0,5.3,1020.7,0,128.36,172
1/20/2023,Tomato_Big,56.67,के.जी.,79425,9.5,0,5.8,1019.7,0,128.57,172
1/21/2023,Tomato_Big,56.67,के.जी.,79425,10.5,0,9.1,1019,0,128.26,172
1/22/2023,Tomato_Big,56.67,के.जी.,59250,10.8,0,8.1,1019.3,0,128.26,172
1/23/2023,Tomato_Big,55,के.जी.,114550,11.6,0,7.9,1018.5,0,128.26,172
1/24/2023,Tomato_Big,56.67,के.जी.,46250,12.3,0,9.3,1019.6,0,128.68,172
1/25/2023,Tomato_Big,56.67,के.जी.,53900,13.3,0,7,1019.4,0,129.1,172
1/26/2023,Tomato_Big,55,के.जी.,11250,13.2,0,8.5,1019,0,129.02,172
1/27/2023,Tomato_Big,55,के.जी.,32750,12.9,0,8,1018.6,0,129,172
1/28/2023,Tomato_Big,56,के.जी.,45100,12.4,0,7.1,1017.2,0,128.93,172
1/29/2023,Tomato_Big,55,के.जी.,97400,12.5,0,6.4,1019.6,0,128.93,172
1/30/2023,Tomato_Big,45,के.जी.,34250,13.3,0,4.8,1022.1,0,128.93,172
1/31/2023,Tomato_Big,45,के.जी.,42500,14.8,0,7.2,1018.7,0,128.74,172
2/1/2023,Tomato_Big,45,के.जी.,62000,13.4,0,7.4,1017.4,0,129.63,172
2/2/2023,Tomato_Big,45,के.जी.,29000,13.2,0,6.4,1018.2,0,129.59,172
2/3/2023,Tomato_Big,46.67,के.जी.,21000,12.8,0,7.2,1018.4,0,129.9,172
2/4/2023,Tomato_Big,46,के.जी.,5000,13,0,7,1015.8,0,130.57,172
2/5/2023,Tomato_Big,45,के.जी.,7000,12.7,0,7.9,1015.5,0.2,130.57,172
2/6/2023,Tomato_Big,46.67,के.जी.,0,12.7,0,7.3,1015.2,1,130.57,175
2/7/2023,Tomato_Big,46.67,के.जी.,20575,12.4,0,7.4,1013.6,0.1,130.68,175
2/8/2023,Tomato_Big,45,के.जी.,5950,12.2,0,7.2,1015.7,0,130.69,175
2/9/2023,Tomato_Big,46.67,के.जी.,12000,12.3,0,6.4,1016.5,0,130.33,175
2/10/2023,Tomato_Big,46.67,के.जी.,4000,13.1,0,8.5,1016.7,0,130.31,175
2/11/2023,Tomato_Big,45,के.जी.,0,13.7,0,8.7,1016.6,0,130.38,175
2/12/2023,Tomato_Big,45,के.जी.,14000,12.8,0,8.4,1015.5,0,130.38,175
2/13/2023,Tomato_Big,56.67,के.जी.,12000,11.7,0,8.5,1014.8,0,130.38,175
2/14/2023,Tomato_Big,55,के.जी.,12000,12.7,0,7.2,1017.5,0,130.69,175
2/15/2023,Tomato_Big,56.67,के.जी.,22000,14.9,0,8.1,1017.2,0,130.77,175
2/16/2023,Tomato_Big,56.67,के.जी.,14250,16.2,0,6.7,1019.7,0,131.19,175
2/17/2023,Tomato_Big,45,के.जी.,0,15.3,0,7.3,1021.1,0,130.65,175
2/18/2023,Tomato_Big,41,के.जी.,2000,15.5,0,6.8,1020.5,0,130.15,175
2/19/2023,Tomato_Big,37.67,के.जी.,625,16.2,0,6.6,1019.5,0,130.15,175
2/20/2023,Tomato_Big,42,के.जी.,18125,15.4,0,8.2,1018,0,130.15,175
2/21/2023,Tomato_Big,38.33,के.जी.,13000,15.8,0,7.2,1018,0,130.74,175
2/22/2023,Tomato_Big,55,के.जी.,42000,16,0,8.9,1016.3,4.8,130.99,175
2/23/2023,Tomato_Big,55,के.जी.,6550,15.8,0,8.8,1015.9,0.1,130.84,175
2/24/2023,Tomato_Big,55,के.जी.,31800,15.3,0,9.9,1018.7,0,130.73,175
2/25/2023,Tomato_Big,55,के.जी.,24875,15.1,0,10.1,1021.8,2.4,130.72,175
2/26/2023,Tomato_Big,55,के.जी.,46000,12.9,1,8,1023.6,5.1,130.72,175
2/27/2023,Tomato_Big,55,के.जी.,7000,13.7,2.5,6.8,1022.5,1.1,130.72,175
2/28/2023,Tomato_Big,56.67,के.जी.,18000,14.9,0,7.1,1022.4,0.8,130.95,175
3/1/2023,Tomato_Big,55,के.जी.,19475,15.9,0,6.8,1023.5,0.7,130.63,175
3/2/2023,Tomato_Big,55,के.जी.,32060,16.3,0.8,7.8,1022.7,0.5,130.4,175
3/3/2023,Tomato_Big,45,के.जी.,14000,16.8,0,7.9,1022.8,0.3,130.56,175
3/5/2023,Tomato_Big,45,के.जी.,50425,17.4,2.3,7.8,1021.7,0.6,129.53,175
3/6/2023,Tomato_Big,46.67,के.जी.,12000,17.1,0,8.1,1019.5,0,129.53,175
3/7/2023,Tomato_Big,56.67,के.जी.,6000,16.9,0,6.8,1020.6,0,129.45,175
3/8/2023,Tomato_Big,56.67,के.जी.,4000,13.6,0.8,6.1,1023.4,7,128.89,175
3/9/2023,Tomato_Big,65,के.जी.,2750,16.2,0,7.4,1021.7,1.7,129.66,175
3/10/2023,Tomato_Big,65,के.जी.,0,16.6,0,9.6,1020.8,0.4,129.59,175
3/12/2023,Tomato_Big,65,के.जी.,3500,16.8,0,10.4,1021.5,0.3,128.98,175
3/13/2023,Tomato_Big,66.67,के.जी.,19750,16.8,0,7.2,1019.5,7.1,128.98,175
3/14/2023,Tomato_Big,36.67,के.जी.,23625,17.2,0.8,9.6,1016.6,6.4,129.88,175
3/15/2023,Tomato_Big,55,के.जी.,19600,16.6,2.9,6.2,1015.8,2.9,130.3,175
3/16/2023,Tomato_Big,45,के.जी.,65000,16.7,0,8.4,1017.2,0.4,130.96,175
3/17/2023,Tomato_Big,46.67,के.जी.,49250,15.3,6.6,8.2,1018.4,1.6,130.76,175
3/18/2023,Tomato_Big,46.67,के.जी.,28825,14.5,3,6.2,1017.3,4.7,128.71,175
3/19/2023,Tomato_Big,45,के.जी.,53925,14.9,0,10.2,1014.8,10.4,128.71,175
3/20/2023,Tomato_Big,56.67,के.जी.,75050,13.6,17,7.1,1013.3,9.3,128.71,175
3/21/2023,Tomato_Big,56.67,के.जी.,23275,14.2,8.9,5.1,1013.5,20.5,130.58,175
3/22/2023,Tomato_Big,56.67,के.जी.,97600,15.6,0.5,10.5,1013.3,0.5,130.59,175
3/23/2023,Tomato_Big,56.67,के.जी.,101050,16.2,0,9.4,1012.7,1.9,130.64,175
3/24/2023,Tomato_Big,45,के.जी.,56125,16.9,0,9.7,1015.5,1.8,129.84,175
3/25/2023,Tomato_Big,46.67,के.जी.,14000,16.8,0,9.3,1017.8,0,130.45,175
3/26/2023,Tomato_Big,45,के.जी.,102075,17.8,0,8.1,1015.5,0,130.45,175
3/27/2023,Tomato_Big,45,के.जी.,89900,17.7,0,10,1013.9,0,130.45,175
3/28/2023,Tomato_Big,45,के.जी.,97000,17.4,0,9.3,1015.1,0.4,130.11,175
3/29/2023,Tomato_Big,55,के.जी.,37550,17.8,0,8.4,1016.8,1.9,129.78,175
3/30/2023,Tomato_Big,45,के.जी.,97100,17.9,0,9.2,1015.2,0,130.02,175
3/31/2023,Tomato_Big,45,के.जी.,88800,14,7.6,8.5,1015.8,6.8,129.89,175
4/1/2023,Tomato_Big,45,के.जी.,17800,13.1,5.3,7.6,1014.9,6.7,129.68,175
4/2/2023,Tomato_Big,55,के.जी.,52500,14.2,0,8.7,1012.1,4.2,129.68,175
4/3/2023,Tomato_Big,65,के.जी.,73400,16.2,0.3,6.9,1012.3,1.3,129.68,165
4/4/2023,Tomato_Big,65,के.जी.,58500,17,1,9.3,1014.1,0.4,129.68,165
4/5/2023,Tomato_Big,65,के.जी.,40800,17.9,0.5,7.2,1014,0.9,130.16,165
4/6/2023,Tomato_Big,65,के.जी.,27250,18.7,0,7.4,1016.8,0,129.69,165
4/7/2023,Tomato_Big,65,के.जी.,19000,18.9,0,8.7,1019.1,0,129.4,165
4/8/2023,Tomato_Big,55,के.जी.,10625,19.3,0,8.7,1021.1,0.1,128.36,165
4/9/2023,Tomato_Big,55,के.जी.,29250,20.1,0,8.7,1020.3,0,128.36,165
4/10/2023,Tomato_Big,55,के.जी.,47250,19.9,0,8.9,1018.1,0,128.36,165
4/11/2023,Tomato_Big,55,के.जी.,25100,19.9,0,10.3,1017.7,0,129.4,165
4/12/2023,Tomato_Big,55,के.जी.,55250,20.9,0,8.2,1017.5,0,129.49,165
4/13/2023,Tomato_Big,55,के.जी.,11250,21.3,0,8.7,1016.2,0,129.84,165
4/14/2023,Tomato_Big,55,के.जी.,27450,21.7,0,8.3,1016.9,0,129.84,165
4/15/2023,Tomato_Big,55,के.जी.,24480,22,0,6,1017.7,0,129.41,165
4/16/2023,Tomato_Big,55,के.जी.,8550,22,0,7.3,1015.4,0,129.41,165
4/17/2023,Tomato_Big,45,के.जी.,15275,22.7,0,7.6,1015.8,0,129.41,165
4/18/2023,Tomato_Big,55,के.जी.,11250,23.2,0,9.3,1016.9,0,129.49,165
4/19/2023,Tomato_Big,55,के.जी.,16590,23.5,0,8.1,1012.7,0,129.74,165
4/20/2023,Tomato_Big,55,के.जी.,17720,23.7,0.2,10.3,1009.9,0.3,130.25,165
4/21/2023,Tomato_Big,55,के.जी.,34050,19.7,0.3,8.6,1011.6,0.8,129.84,165
4/22/2023,Tomato_Big,55,के.जी.,21365,20.4,0,9.3,1012,0,129.81,165
4/23/2023,Tomato_Big,55,के.जी.,15000,18.3,0,12.2,1013.7,2.2,129.81,165
4/24/2023,Tomato_Big,55,के.जी.,27830,14.3,5.4,7.1,1019.5,0.5,129.81,165
4/25/2023,Tomato_Big,55,के.जी.,24250,15.9,0.5,6.3,1018.7,8.2,129.16,165
4/26/2023,Tomato_Big,55,के.जी.,56575,18.8,0,8.7,1016.8,0.6,129.53,165
4/27/2023,Tomato_Big,55,के.जी.,28000,19.4,0,7.8,1016.5,0.3,129.36,165
4/28/2023,Tomato_Big,55,के.जी.,30750,20.8,0,10.2,1016.5,0.2,129.28,165
4/29/2023,Tomato_Big,55,के.जी.,0,18.2,31.5,6.7,1015.6,0.3,127.64,165
4/30/2023,Tomato_Big,55,के.जी.,10925,16.3,17,4.3,1015.4,2,127.64,165
5/1/2023,Tomato_Big,45,के.जी.,0,15.6,5.8,4.7,1015.5,7.3,127.64,165
5/2/2023,Tomato_Big,55,के.जी.,10260,15.5,6.7,3.8,1016.8,8.2,129.08,165
5/3/2023,Tomato_Big,55,के.जी.,28300,16.7,3.4,5.8,1017.3,8.4,129.26,165
5/4/2023,Tomato_Big,55,के.जी.,32200,15,10.4,3.6,1017,8.8,129.28,165
5/5/2023,Tomato_Big,55,के.जी.,12000,18.5,0,7.8,1013.8,0.1,129.31,165
5/6/2023,Tomato_Big,55,के.जी.,0,21.3,0,7.9,1012.3,0.3,129.14,165
5/7/2023,Tomato_Big,55,के.जी.,12525,21.7,2.1,9,1012.6,0.8,129.14,165
5/8/2023,Tomato_Big,55,के.जी.,20000,22.2,0,8.8,1013.2,0,129.14,165
5/9/2023,Tomato_Big,55,के.जी.,11250,22.2,0,8.7,1013.3,0.1,129.29,165
5/10/2023,Tomato_Big,56.67,के.जी.,0,22.1,0,11,1013,0.6,129.85,165
5/11/2023,Tomato_Big,55,के.जी.,11250,21.4,0,8.6,1016,0,129.79,165
5/12/2023,Tomato_Big,55,के.जी.,11250,22,0,10.2,1016.4,0,129.77,165
5/13/2023,Tomato_Big,55,के.जी.,10625,23,0,8.6,1015.6,0,129.54,165
5/14/2023,Tomato_Big,55,के.जी.,39950,21.2,0,8.4,1011.6,6.8,129.54,165
5/15/2023,Tomato_Big,55,के.जी.,41300,20.5,19.8,8.7,1011.1,6.3,129.54,165
5/16/2023,Tomato_Big,55,के.जी.,2625,20.9,0.5,8,1012.4,3.9,130.21,155
5/17/2023,Tomato_Big,55,के.जी.,2500,19.4,26.9,7.6,1014.1,6.1,129.96,155
5/18/2023,Tomato_Big,55,के.जी.,0,19.9,14.2,7.2,1015.9,6,130.29,155
5/19/2023,Tomato_Big,55,के.जी.,25275,20.2,7.9,10.1,1013.9,1.6,130.51,155
5/20/2023,Tomato_Big,55,के.जी.,5125,19.8,3.9,8.7,1013.2,1.1,130.34,155
5/21/2023,Tomato_Big,55,के.जी.,2625,21.4,3,8.7,1015.1,0,130.34,155
5/22/2023,Tomato_Big,55,के.जी.,13000,23,0,8.8,1016,2.1,130.34,155
5/23/2023,Tomato_Big,45,के.जी.,6575,22,1.5,7.9,1015.5,3.8,130.95,155
5/24/2023,Tomato_Big,45,के.जी.,2625,21.9,0,8.4,1014.1,13.7,130.9,155
5/25/2023,Tomato_Big,45,के.जी.,1250,18.4,6.6,6.5,1013.2,28.7,130.51,155
5/26/2023,Tomato_Big,45,के.जी.,18125,20,0,8.4,1013.4,9.8,130.73,155
5/27/2023,Tomato_Big,45,के.जी.,5000,19.7,17.8,9.8,1013,6.1,130.84,155
5/28/2023,Tomato_Big,45,के.जी.,2800,20.4,9.9,7.2,1015.3,3.2,130.84,155
5/29/2023,Tomato_Big,45,के.जी.,9000,22.6,0,6.4,1017,1.7,130.84,155
5/31/2023,Tomato_Big,32.5,के.जी.,2950,24.9,0,9.4,1014.9,0,130.7,155
6/1/2023,Tomato_Big,27.5,के.जी.,10325,24.8,0,10.1,1012.5,0,130.69,155
6/2/2023,Tomato_Big,27.5,के.जी.,1425,24.6,0,9.2,1012.1,0,130.26,155
6/3/2023,Tomato_Big,27.5,के.जी.,0,24.2,0,8.8,1013.6,0.4,130.55,155
6/4/2023,Tomato_Big,27.67,के.जी.,4150,24.4,0,7.8,1013.6,0,130.55,155
6/5/2023,Tomato_Big,27.5,के.जी.,14950,24,0,7.7,1013.2,0,130.55,155
6/6/2023,Tomato_Big,25,के.जी.,0,23.6,0,7.7,1012.2,0.8,130.33,155
6/7/2023,Tomato_Big,22.5,के.जी.,6200,24.4,0,8.6,1012.3,2.5,130.68,155
6/11/2023,Tomato_Big,55,के.जी.,7100,24.9,0,11,1007.1,1.2,130.3,155
6/12/2023,Tomato_Big,55,के.जी.,7450,23.4,29.5,8.6,1006.8,3,130.3,155
6/13/2023,Tomato_Big,35,के.जी.,2500,23.2,15,8.6,1005.7,9.1,130.33,155
6/14/2023,Tomato_Big,35,के.जी.,1875,22.1,52.6,8.5,1004.5,22,130.27,155
6/16/2023,Tomato_Big,35,के.जी.,2125,24.9,4.2,6.9,1006.8,1.7,129.87,155
6/19/2023,Tomato_Big,33.6,के.जी.,0,24,18,10,1009.4,3.1,129.2,155
6/20/2023,Tomato_Big,40,के.जी.,1750,24.4,10.9,9.2,1009.8,5.2,129.58,155
6/21/2023,Tomato_Big,39,के.जी.,2250,25.4,4.2,8.9,1010,3.2,129.81,155
6/22/2023,Tomato_Big,37.5,के.जी.,5125,24.9,3.3,9.6,1010.8,6,129.62,155
6/23/2023,Tomato_Big,45,के.जी.,0,25.1,12.5,9.2,1010.3,11.5,129.56,155
6/24/2023,Tomato_Big,45,के.जी.,5600,24.2,15,9.8,1009.7,23.7,128.8,155
6/25/2023,Tomato_Big,45,के.जी.,375,24.5,17.8,8.4,1010.6,20.3,128.8,155
6/26/2023,Tomato_Big,45,के.जी.,6150,24.2,0.3,8,1009.5,8.2,128.8,155
6/27/2023,Tomato_Big,45,के.जी.,0,22.8,15.5,7.5,1008.8,16.7,129.65,155
6/28/2023,Tomato_Big,50,के.जी.,3175,23.8,2.8,10.2,1011.6,29.7,129.71,155
6/29/2023,Tomato_Big,65,के.जी.,0,23.2,2.3,7.8,1010.8,23,129.75,155
6/30/2023,Tomato_Big,55,के.जी.,0,22.2,8.1,7.4,1010.5,27,129.58,155
7/1/2023,Tomato_Big,55,के.जी.,0,22.5,4.3,7.7,1010.2,30.3,128.82,155
7/2/2023,Tomato_Big,55,के.जी.,0,23.6,0,7.4,1009.8,10.9,128.82,155
7/3/2023,Tomato_Big,65,के.जी.,0,23.3,10.4,6.6,1009.6,20.2,128.82,150
7/4/2023,Tomato_Big,75,के.जी.,0,22.1,38.9,5.5,1009.2,28.3,129.4,150
7/5/2023,Tomato_Big,84,के.जी.,0,23,26.7,5.4,1010.1,9.1,129.71,150
7/6/2023,Tomato_Big,85,के.जी.,0,24.4,0,7.8,1010,21.2,129.93,150
7/7/2023,Tomato_Big,95,के.जी.,0,24.4,3.3,9.7,1011.9,22.2,130.48,150
7/8/2023,Tomato_Big,95,के.जी.,1050,24,0.5,9.4,1013.2,10.3,129.85,150
7/9/2023,Tomato_Big,95,के.जी.,0,24.5,0.3,8.2,1011.8,10.6,129.85,150
7/10/2023,Tomato_Big,95,के.जी.,0,24.2,0,9.8,1010.1,7.5,129.85,150
7/11/2023,Tomato_Big,95,के.जी.,0,24.3,36.1,5.2,1010.7,11.1,130.64,150
7/12/2023,Tomato_Big,85,के.जी.,0,23.8,1.8,6.3,1010,29.1,130.53,150
7/13/2023,Tomato_Big,95,के.जी.,1600,22.8,21.1,5.7,1009.8,29.6,128.85,150
7/14/2023,Tomato_Big,75,के.जी.,0,22.3,9.3,4.1,1010.6,25.8,130.92,150
7/15/2023,Tomato_Big,75,के.जी.,0,24,31.5,6.2,1011.4,26.5,129.56,150
7/16/2023,Tomato_Big,75,के.जी.,0,23.4,1,8,1009.3,32.4,129.56,146
7/17/2023,Tomato_Big,85,के.जी.,0,22.5,15,5.4,1008.3,30.1,129.56,146
7/18/2023,Tomato_Big,86,के.जी.,0,22.9,66.3,3.2,1010.1,16.8,129.7,146
7/19/2023,Tomato_Big,85,के.जी.,0,24.4,2.8,5.2,1010.4,12.6,129.79,146
7/20/2023,Tomato_Big,85,के.जी.,0,24.8,2.8,6,1009.5,2.1,129.89,146
7/21/2023,Tomato_Big,85,के.जी.,0,23.7,9.7,7.7,1009.3,21.2,129.78,146
7/22/2023,Tomato_Big,86.67,के.जी.,0,24,3,6.2,1014.2,17.4,129.58,146
7/23/2023,Tomato_Big,85,के.जी.,0,23.5,2.5,6.3,1014.3,37.6,129.58,146
7/24/2023,Tomato_Big,96.67,के.जी.,0,23.1,2.3,6.1,1012.1,17,129.58,146
7/25/2023,Tomato_Big,110,के.जी.,0,22.3,21.1,5.9,1012.9,18.8,129.38,146
7/26/2023,Tomato_Big,100,के.जी.,0,23.4,6.6,5.5,1013,4.4,129.38,146
7/27/2023,Tomato_Big,93.33,के.जी.,0,23.4,6.4,6.3,1011.7,18.5,129.73,146
7/28/2023,Tomato_Big,106.67,के.जी.,0,23.3,11.2,6.8,1008.6,24.4,129.59,146
7/29/2023,Tomato_Big,106,के.जी.,0,22.9,14.5,6.8,1007.6,17.7,129.5,146
7/30/2023,Tomato_Big,105,के.जी.,0,22.9,11.9,5.7,1007.7,19.4,129.5,146
7/31/2023,Tomato_Big,130,के.जी.,0,24.6,0,5.5,1006.7,12.6,129.5,146
8/1/2023,Tomato_Big,130,के.जी.,0,24.2,1,7.1,1005.6,10.7,130.17,153
8/2/2023,Tomato_Big,146,के.जी.,0,24.7,17.8,7.3,1007.1,0.8,130.13,153
8/3/2023,Tomato_Big,170,के.जी.,0,24.2,2,7.9,1007.1,17.4,130.79,153
8/4/2023,Tomato_Big,170,के.जी.,875,24.1,0,7.9,1009.2,50,130.76,153
8/5/2023,Tomato_Big,170,के.जी.,0,23.4,2,7.5,1009.6,32.5,130.08,153
8/6/2023,Tomato_Big,168.33,के.जी.,0,22.1,18.5,5.5,1006.7,8.2,130.08,153
8/7/2023,Tomato_Big,160,के.जी.,0,22.4,14.2,4.5,1003.9,42.8,130.08,153
8/8/2023,Tomato_Big,170,के.जी.,0,22.7,64,5.7,1006.3,50.5,130.74,153
8/9/2023,Tomato_Big,170,के.जी.,0,23.3,6.4,5.3,1009.8,4,130.9,153
8/10/2023,Tomato_Big,170,के.जी.,0,24.2,0,8.1,1012,16,131,153
8/11/2023,Tomato_Big,150,के.जी.,0,23.8,2.3,6.5,1010.6,28.9,130.98,153
8/12/2023,Tomato_Big,140,के.जी.,0,22.5,49.8,4.7,1009.1,60.9,131.52,153
8/13/2023,Tomato_Big,140,के.जी.,0,20.4,38.6,5.2,1009,68.2,131.52,153
8/14/2023,Tomato_Big,170,के.जी.,0,21.3,11,2.8,1013.2,2.2,131.52,153
8/15/2023,Tomato_Big,150,के.जी.,0,23.8,0,7.9,1012.4,7,131.24,153
8/16/2023,Tomato_Big,145,के.जी.,0,24,4.4,5.6,1011.8,3.9,131.87,167
8/17/2023,Tomato_Big,137.5,के.जी.,0,24.8,0,6.7,1011.9,8.1,131.6,167
8/18/2023,Tomato_Big,142.5,के.जी.,0,24.3,7.1,6.8,1012.4,17.2,131.6,167
8/19/2023,Tomato_Big,147.5,के.जी.,0,24.8,0.3,9.5,1012.7,10.8,131.12,167
8/20/2023,Tomato_Big,150,के.जी.,2525,23.8,1.5,8.2,1012.7,31.3,131.12,167
8/21/2023,Tomato_Big,125,के.जी.,0,21,41.9,6.6,1009.8,11.5,131.12,167
8/22/2023,Tomato_Big,120,के.जी.,3000,21.9,7.1,5.6,1010.4,20.4,131.32,167
8/23/2023,Tomato_Big,110,के.जी.,2525,20.9,35.3,2.6,1008.8,21.8,131.18,167
8/24/2023,Tomato_Big,100,के.जी.,5000,22.2,69,5.3,1007.6,56.2,130.8,167
8/25/2023,Tomato_Big,85,के.जी.,0,21.2,19.1,6.9,1006.7,24.9,130.48,167
8/26/2023,Tomato_Big,85,के.जी.,0,22.4,13.7,6.5,1007.5,97.8,130.78,167
8/27/2023,Tomato_Big,75,के.जी.,2250,23.5,0.5,6.7,1006.7,11.3,130.78,167
8/28/2023,Tomato_Big,75,के.जी.,0,23.8,0,8.9,1008.4,3.7,130.78,167
8/29/2023,Tomato_Big,75,के.जी.,0,23.4,1.5,9.5,1011.1,8.5,130.65,167
8/30/2023,Tomato_Big,75,के.जी.,0,24.4,1,7.3,1013.3,4.7,130.79,167
8/31/2023,Tomato_Big,85,के.जी.,2500,23.8,0,7.4,1014.2,9,130.86,167
9/1/2023,Tomato_Big,95,के.जी.,7600,24.3,0,7.7,1013.2,4.5,130.74,170
9/2/2023,Tomato_Big,95,के.जी.,24350,25,0,8,1012.6,4.3,131.42,170
9/3/2023,Tomato_Big,75,के.जी.,7300,24.3,3.6,9.2,1011.3,8.5,131.42,170
9/4/2023,Tomato_Big,65,के.जी.,19000,24.2,0,8.6,1012.1,2.3,131.42,170
9/5/2023,Tomato_Big,60,के.जी.,7500,24,0,5,1013.4,0.3,130.83,170
9/6/2023,Tomato_Big,55,के.जी.,4750,24.6,0,6.6,1014.3,0.2,131.52,170
9/8/2023,Tomato_Big,45,के.जी.,10000,23,63.2,5.1,1013.6,10.7,131.47,170
9/10/2023,Tomato_Big,45,के.जी.,0,23.7,1.8,7.4,1011.4,11.3,131.12,170
9/13/2023,Tomato_Big,65,के.जी.,6000,24.2,19.6,6.3,1010.1,9,131.12,170
9/14/2023,Tomato_Big,65,के.जी.,0,24.3,2.3,8.8,1013.2,3.4,131.18,170
9/18/2023,Tomato_Big,65,के.जी.,20125,24.2,0,6.9,1013.9,4.4,131.02,170
9/19/2023,Tomato_Big,75,के.जी.,13950,23,7.1,6.4,1014.8,10.3,131.53,170
9/20/2023,Tomato_Big,50,के.जी.,12250,23.7,0.3,8.2,1015,3.2,131.51,170
9/21/2023,Tomato_Big,50,के.जी.,43375,23,0,8.7,1014.3,21.7,131.66,170
10/17/2023,Tomato_Big,45,के.जी.,38500,18.8,3.5,7.7,1019.5,0.3,131.64,170
10/18/2023,Tomato_Big,45,के.जी.,500,17.8,0,6.1,1019.8,0.8,131.42,170
10/19/2023,Tomato_Big,45,के.जी.,15000,17.6,0,6.2,1020.5,0.6,131.63,170
10/20/2023,Tomato_Big,45,के.जी.,0,17.7,0,6.4,1021.1,0.5,131.57,170
10/22/2023,Tomato_Big,75,के.जी.,14050,17.8,0,6.1,1022.6,0.2,131.15,170
10/23/2023,Tomato_Big,75,के.जी.,5500,17.5,0,6.6,1021.4,0,131.15,170
10/24/2023,Tomato_Big,75,के.जी.,2525,17.9,0,7.2,1020.5,0.2,131.42,170
11/1/2023,Tomato_Big,65,के.जी.,9525,16.9,0,4.1,1023.4,0,131.57,164
11/2/2023,Tomato_Big,65,के.जी.,4250,16.8,0,7.2,1021.2,0,131.64,164
11/3/2023,Tomato_Big,65,के.जी.,0,17.4,0,6.4,1018.6,0.4,131.37,164
11/4/2023,Tomato_Big,65,के.जी.,20000,16.5,0,6.8,1018.7,0.5,130.49,164
11/5/2023,Tomato_Big,65,के.जी.,12000,16.5,0,5.8,1020.4,2.1,130.49,164
11/6/2023,Tomato_Big,65,के.जी.,0,16.5,0,6.7,1021.9,0.7,130.49,164
11/7/2023,Tomato_Big,65,के.जी.,0,15.9,0,6.7,1020.8,0.3,131.56,164
11/8/2023,Tomato_Big,65,के.जी.,0,15.5,0,6.5,1019.7,0,131.51,164
11/9/2023,Tomato_Big,65,के.जी.,11000,15.2,0,5.3,1020.2,0,131.72,164
11/10/2023,Tomato_Big,65,के.जी.,0,15.5,0,7,1022,0.4,131.66,164
11/11/2023,Tomato_Big,45,के.जी.,0,14.8,0,5.3,1022.4,0,131.21,164
11/12/2023,Tomato_Big,55,के.जी.,10000,15.1,0,5.3,1022.5,0.4,131.21,164
11/13/2023,Tomato_Big,55,के.जी.,0,15,0,6.3,1023,0,131.21,164
11/14/2023,Tomato_Big,65,के.जी.,0,15.8,0,6,1023.2,0,131.83,164
11/15/2023,Tomato_Big,65,के.जी.,0,15.8,0,7.3,1022.9,0,131.51,164
11/20/2023,Tomato_Big,65,के.जी.,2525,15.8,0,6.1,1022.5,0,131.01,164
11/23/2023,Tomato_Big,85,के.जी.,0,15.3,0,5.4,1019.5,0.4,131.62,164
11/24/2023,Tomato_Big,85,के.जी.,0,15.7,0,5.5,1020.8,0.2,131.8,164
11/25/2023,Tomato_Big,85,के.जी.,0,15.6,0,5.7,1022.7,1.7,131.38,164
11/26/2023,Tomato_Big,85,के.जी.,0,15.9,0,4.8,1024.4,0,131.38,164
11/27/2023,Tomato_Big,85,के.जी.,0,15.2,0,5.6,1022.5,0,131.38,164
11/28/2023,Tomato_Big,85,के.जी.,0,15.7,0.9,6.1,1020.8,0,131.84,164
11/29/2023,Tomato_Big,85,के.जी.,8875,15.2,0.5,6.6,1021.3,0.5,131.7,164
11/30/2023,Tomato_Big,85,के.जी.,0,13.8,0,4.2,1022.4,0,131.66,160
12/1/2023,Tomato_Big,85,के.जी.,0,14.8,0.1,5.9,1021.8,0.1,131.88,160
12/2/2023,Tomato_Big,76.67,के.जी.,0,14.5,0,5.1,1021.9,0,131.77,160
12/3/2023,Tomato_Big,75,के.जी.,0,13.8,0,5.2,1022.2,0,131.77,160
12/4/2023,Tomato_Big,75,के.जी.,0,13.1,0,3.6,1021.5,0,131.77,160
12/5/2023,Tomato_Big,65,के.जी.,1500,14.3,0,6.2,1019.6,0,131.91,160
12/6/2023,Tomato_Big,66.67,के.जी.,3000,13.4,0,4.8,1021.7,0,131.72,160
12/7/2023,Tomato_Big,55,के.जी.,0,12,0,4.4,1020,1.8,131.91,160
12/8/2023,Tomato_Big,65,के.जी.,0,12.5,0,6.1,1018.5,0.3,131.9,160
12/9/2023,Tomato_Big,66.67,के.जी.,0,12.5,0,5.8,1018.6,0,132.06,160
12/10/2023,Tomato_Big,65,के.जी.,0,11.9,0,5.7,1017.3,0,132.06,160
12/11/2023,Tomato_Big,65,के.जी.,0,12.1,0,5.6,1019.3,0.4,132.06,160
12/12/2023,Tomato_Big,55,के.जी.,0,12.2,4.2,6.8,1018.1,1.8,131.94,160
12/13/2023,Tomato_Big,63.33,के.जी.,0,11.4,0.4,5.4,1018.2,1.2,131.8,160
12/14/2023,Tomato_Big,50,के.जी.,0,11,0,6.2,1019.8,0,131.89,160
12/15/2023,Tomato_Big,53.33,के.जी.,0,11.1,0,5.7,1021.5,0,131.73,157
12/16/2023,Tomato_Big,55,के.जी.,0,11.8,0,4.5,1019.9,0,131.96,157
12/17/2023,Tomato_Big,55,के.जी.,2625,12.7,0,5,1020.6,0,131.96,157
12/18/2023,Tomato_Big,65,के.जी.,0,11.8,0,5.8,1021.2,0,131.96,157
12/19/2023,Tomato_Big,65,के.जी.,0,10.7,0,5.7,1022.1,0,131.3,157
12/20/2023,Tomato_Big,65,के.जी.,0,10.8,0,4.1,1022.6,0,131.45,157
12/21/2023,Tomato_Big,65,के.जी.,0,11.2,0,5.6,1021.1,0,131.53,157
12/22/2023,Tomato_Big,55,के.जी.,0,11.4,0,4.6,1021.7,0,131.6,157
12/23/2023,Tomato_Big,55,के.जी.,0,11.8,0,4,1024.4,0.3,131.63,157
12/24/2023,Tomato_Big,55,के.जी.,6425,11.3,0,6.7,1024.6,0,131.63,157
12/25/2023,Tomato_Big,55,के.जी.,0,11.6,0,5.9,1023.4,0,131.63,157
12/26/2023,Tomato_Big,65,के.जी.,0,12.3,0,5.5,1023.2,0,131.63,157
12/27/2023,Tomato_Big,55,के.जी.,5000,12.7,0,5.7,1023.9,0,131.72,157
12/28/2023,Tomato_Big,55,के.जी.,0,12.9,0.9,5.1,1022.9,0,131.82,157
12/29/2023,Tomato_Big,55,के.जी.,3000,12.7,0,5.3,1023.1,0,132.25,157
12/30/2023,Tomato_Big,55,के.जी.,5000,12.4,0,6.9,1021.6,0.1,131.81,157
12/31/2023,Tomato_Big,55,के.जी.,9000,12.2,0,6.2,1021.1,0,131.81,157
1/1/2024,Tomato_Big,55,के.जी.,7000,11.5,0,6.8,1020,0,131.81,157
1/2/2024,Tomato_Big,45,के.जी.,5000,11.2,0,6,1019.9,0.1,131.93,157
1/3/2024,Tomato_Big,65,के.जी.,0,10.8,0,6.2,1020.1,0,132.89,157
1/4/2024,Tomato_Big,55,के.जी.,0,10.3,0,6.4,1020,0.2,132.05,157
1/5/2024,Tomato_Big,55,के.जी.,0,10.4,0,6.8,1020.7,0,131.59,157
1/6/2024,Tomato_Big,55,के.जी.,0,10.6,0,6.1,1021.7,0,131.12,157
1/7/2024,Tomato_Big,55,के.जी.,0,10.5,0,6.3,1022,0,131.12,157
1/8/2024,Tomato_Big,45,के.जी.,0,10.6,0,6.8,1021.8,0,131.12,157
1/9/2024,Tomato_Big,45,के.जी.,0,10.9,0,5.8,1020.4,0,131.41,157
1/10/2024,Tomato_Big,45,के.जी.,5000,11.1,0,7.5,1018,0,131.51,157
1/11/2024,Tomato_Big,45,के.जी.,0,10.9,0,6.1,1019.4,0,131.26,157
1/12/2024,Tomato_Big,45,के.जी.,975,11.1,0,5,1019.3,0,131.29,157
1/13/2024,Tomato_Big,45,के.जी.,0,11.8,0,5.6,1019.4,0,130.92,157
1/14/2024,Tomato_Big,45,के.जी.,0,11.5,0,5.8,1019.6,0,130.92,157
1/15/2024,Tomato_Big,45,के.जी.,0,11.1,0.3,6.7,1018.8,0.1,130.92,156
1/16/2024,Tomato_Big,45,के.जी.,0,10.9,0.2,6,1018,0.6,130.91,156
1/17/2024,Tomato_Big,45,के.जी.,0,10.6,2.2,7,1017.3,1,131.65,156
1/18/2024,Tomato_Big,45,के.जी.,6000,10,0.1,6.8,1017.8,0,131.64,156
1/19/2024,Tomato_Big,55,के.जी.,0,10.1,0,6.8,1019.5,0,131.43,156
1/20/2024,Tomato_Big,55,के.जी.,2500,10,0,5.9,1019.4,0,131.24,156
1/21/2024,Tomato_Big,55,के.जी.,10000,10.2,0,6.6,1017.9,0,131.24,156
1/22/2024,Tomato_Big,55,के.जी.,12000,9.7,0,6.4,1021,0,131.24,156
1/23/2024,Tomato_Big,55,के.जी.,0,9.6,0.1,5.7,1019.4,0.8,131.41,156
1/24/2024,Tomato_Big,55,के.जी.,0,9.6,0.6,6.5,1019.6,1.9,131.36,156
1/25/2024,Tomato_Big,55,के.जी.,0,9.3,0,6.7,1021.5,0.4,131.42,156
1/26/2024,Tomato_Big,55,के.जी.,9875,9,0,6.8,1022.4,0,131.48,156
1/27/2024,Tomato_Big,55,के.जी.,0,8.6,0,6.6,1020.8,0,131.43,156
1/28/2024,Tomato_Big,65,के.जी.,0,9.1,0,6.1,1021.5,0,131.43,156
1/29/2024,Tomato_Big,65,के.जी.,9000,9.8,0,6,1020.5,0,131.43,156
1/30/2024,Tomato_Big,65,के.जी.,13800,9.6,0,6.2,1019.8,2.5,131.42,156
1/31/2024,Tomato_Big,65,के.जी.,0,10.3,0,6.9,1019.5,0.2,131.14,158
2/1/2024,Tomato_Big,55,के.जी.,0,9.9,0,6.9,1020.4,0,131.06,158
2/2/2024,Tomato_Big,65,के.जी.,10000,10.5,0,5.9,1017.7,0,131.14,158
2/3/2024,Tomato_Big,65,के.जी.,2856,10.2,0,7,1016.6,0,132.27,158
2/4/2024,Tomato_Big,65,के.जी.,16450,9.4,2,5,1020.2,1.9,132.27,158
2/5/2024,Tomato_Big,65,के.जी.,24950,11.3,1.6,6.4,1019,0,132.27,158
2/6/2024,Tomato_Big,65,के.जी.,0,10.6,0,6.4,1019.1,0,131.46,158
2/8/2024,Tomato_Big,75,के.जी.,12000,9.8,0,8.9,1016.9,0,130.93,158
2/9/2024,Tomato_Big,65,के.जी.,17250,10.3,0,5.9,1021.9,0,131.22,158
2/10/2024,Tomato_Big,65,के.जी.,24725,11.9,0,6.7,1023.9,0,131.12,158
2/11/2024,Tomato_Big,65,के.जी.,12600,12.5,0,7.4,1024,1.1,131.12,158
2/12/2024,Tomato_Big,65,के.जी.,22000,12.6,0,7.5,1023.9,0,131.12,158
2/13/2024,Tomato_Big,65,के.जी.,2250,13.3,0,6.2,1023.3,0,131.05,158
2/14/2024,Tomato_Big,55,के.जी.,0,11.6,0.6,5,1022.2,0.2,131.16,158
2/15/2024,Tomato_Big,65,के.जी.,5090,12.6,0,6.7,1022.7,0,131.27,160
2/16/2024,Tomato_Big,65,के.जी.,0,13.3,0,6.5,1022.5,0,131.18,160
2/17/2024,Tomato_Big,55,के.जी.,8200,13,0,8.9,1018,0,131.23,160
2/18/2024,Tomato_Big,55,के.जी.,0,13.1,0,6.7,1017.8,0,131.23,160
2/19/2024,Tomato_Big,55,के.जी.,0,13.6,0,6.6,1018.9,0,131.23,160
2/20/2024,Tomato_Big,55,के.जी.,6650,14.5,0.7,7.8,1016.6,0.6,131.25,160
2/21/2024,Tomato_Big,55,के.जी.,0,14.4,0,6.8,1014.2,1,131.13,160
2/22/2024,Tomato_Big,55,के.जी.,0,11.2,1.9,8.4,1015.8,2.5,131.18,160
2/23/2024,Tomato_Big,55,के.जी.,1533,10.4,0,7.6,1018,0,131.1,160
2/24/2024,Tomato_Big,55,के.जी.,0,11,0,8.2,1019.8,0,131.3,160
2/25/2024,Tomato_Big,55,के.जी.,0,11.6,0,7.2,1020.2,0,131.3,160
2/26/2024,Tomato_Big,55,के.जी.,0,12.7,0,7.8,1021.2,0,131.3,160
2/27/2024,Tomato_Big,55,के.जी.,1365,13,0,7.5,1019.8,0,131.02,160
2/28/2024,Tomato_Big,55,के.जी.,7000,13.5,0,8.1,1016.6,0,130.94,160
2/29/2024,Tomato_Big,55,के.जी.,0,14.1,0,8.9,1017.5,0,130.82,160
3/1/2024,Tomato_Big,55,के.जी.,1775,14.4,0,8.3,1019.3,0,131.13,160
3/2/2024,Tomato_Big,55,के.जी.,0,16.4,0.7,7.8,1019.4,0.8,130.63,160
3/4/2024,Tomato_Big,55,के.जी.,1008,14.6,0.1,7.1,1017.8,2.5,130.63,160
3/5/2024,Tomato_Big,55,के.जी.,5000,15.1,0,8.5,1017.5,0,131.1,160
3/6/2024,Tomato_Big,55,के.जी.,0,15.2,0,9,1017,0,131.1,160
3/7/2024,Tomato_Big,65,के.जी.,200,15.6,0,8.7,1016.8,7.5,130.75,160
3/8/2024,Tomato_Big,65,के.जी.,0,15.1,0,8.3,1017,0,130.24,160
3/9/2024,Tomato_Big,55,के.जी.,0,15.4,0,9.5,1017.4,0,130.6,160
3/10/2024,Tomato_Big,55,के.जी.,0,15.4,0,8.9,1019.6,0,130.6,160
3/11/2024,Tomato_Big,55,के.जी.,0,16.9,0,7.6,1020.1,0,130.6,160
3/12/2024,Tomato_Big,55,के.जी.,4100,17.4,0,8.4,1017.4,0,130.88,160
3/13/2024,Tomato_Big,55,के.जी.,7750,17.3,0,9.2,1016.7,0.1,130.86,160
3/14/2024,Tomato_Big,65,के.जी.,3465,17.1,0,7.8,1017.8,0.5,130.79,160
3/15/2024,Tomato_Big,55,के.जी.,0,17.2,0,8.2,1018,0,130.95,158
3/16/2024,Tomato_Big,55,के.जी.,0,17.2,0,7.7,1020.5,0,131.1,158
3/17/2024,Tomato_Big,55,के.जी.,0,17.3,0,7.1,1020.4,0,131.1,158
3/18/2024,Tomato_Big,55,के.जी.,4095,17.4,0,9.1,1019,0,131.1,158
3/19/2024,Tomato_Big,55,के.जी.,5000,17.4,0.2,8.3,1019.6,0,131.44,158
3/20/2024,Tomato_Big,55,के.जी.,10,12.9,7.4,5,1019.2,4.5,131.28,158
3/26/2024,Tomato_Big,65,के.जी.,11000,17.8,4.6,10.9,1017.9,1.6,131.82,158
3/27/2024,Tomato_Big,55,के.जी.,16000,17.5,4,7.4,1019.6,2,131.73,158
3/29/2024,Tomato_Big,75,के.जी.,32875,19.3,2.1,6.4,1017.5,2.9,131.81,158
3/30/2024,Tomato_Big,76.67,के.जी.,5735,19.9,11.3,8.5,1018.1,1.2,131.92,158
3/31/2024,Tomato_Big,75,के.जी.,55000,19.3,0,10.8,1017.5,0.3,131.92,158
4/5/2024,Tomato_Big,65,के.जी.,10355,21.3,0,8.5,1013.9,0.4,131.92,158
4/7/2024,Tomato_Big,73.75,के.जी.,71550,20.8,0,8.9,1014.4,0.2,131.62,158
4/8/2024,Tomato_Big,75,के.जी.,35300,19.8,0,10.5,1016.9,0,131.62,158
4/9/2024,Tomato_Big,75,के.जी.,0,19.2,0,7.7,1018.2,0,131.36,158
4/10/2024,Tomato_Big,66.67,के.जी.,22356,19.4,0,11.6,1019,0,131.42,158
4/11/2024,Tomato_Big,65,के.जी.,29000,17.3,1,10.6,1020,0.4,131.56,158
4/12/2024,Tomato_Big,65,के.जी.,16500,18.4,1.5,6.6,1019.8,0,131.82,158
4/14/2024,Tomato_Big,75,के.जी.,2500,21.4,0,8.5,1020,0,131.51,158
4/15/2024,Tomato_Big,65,के.जी.,36750,22.2,0,7.8,1018.9,0,131.51,158
4/16/2024,Tomato_Big,65,के.जी.,16260,22.2,0,9.5,1015,0,131.83,161
4/17/2024,Tomato_Big,65,के.जी.,23250,22,0,13.3,1012.8,0.1,132.12,161
4/18/2024,Tomato_Big,65,के.जी.,16000,21.8,0,10.5,1012.2,0.1,131.9,161
4/21/2024,Tomato_Big,65,के.जी.,12000,23,0,9.6,1011.4,0,131.68,161
4/22/2024,Tomato_Big,55,के.जी.,12000,23.4,0,10,1013.1,0,131.68,161
4/27/2024,Tomato_Big,55,के.जी.,2875,23.4,0,7.8,1013.9,0,132.06,161
4/28/2024,Tomato_Big,45,के.जी.,0,23.8,0,9.3,1013,0,132.06,161
4/29/2024,Tomato_Big,45,के.जी.,17675,23.8,0,9,1013.5,0,132.06,161
4/30/2024,Tomato_Big,45,के.जी.,0,24.7,0,8.5,1010,0,131.95,159
5/1/2024,Tomato_Big,45,के.जी.,5000,23.8,0,10.5,1008.4,0,132,159
5/3/2024,Tomato_Big,35,के.जी.,23150,21.8,0,9.2,1013.2,0,131.92,159
5/4/2024,Tomato_Big,37.5,के.जी.,12500,21.8,0,8.3,1014,0,131.71,159
5/5/2024,Tomato_Big,45,के.जी.,4500,21.6,0,7.6,1010,0,131.71,159
5/6/2024,Tomato_Big,35,के.जी.,0,21.7,2,8.8,1013,0.3,131.71,159
5/8/2024,Tomato_Big,40,के.जी.,280,17.4,12.7,6.9,1017.9,11.7,132.05,159
5/9/2024,Tomato_Big,45,के.जी.,0,19.5,0,6.8,1018.2,1.1,132.08,159
5/10/2024,Tomato_Big,45,के.जी.,22350,20.9,8.9,8.5,1016.5,5,132.12,159
5/14/2024,Tomato_Big,40,के.जी.,5400,22.8,0,8.5,1018,0.7,132.03,159
5/15/2024,Tomato_Big,38.33,के.जी.,0,22.9,0,9.8,1018.5,0,132.03,159
5/16/2024,Tomato_Big,35,के.जी.,27125,23.7,0,9.4,1018,0,131.69,154
5/21/2024,Tomato_Big,45,के.जी.,5000,23.1,0,7.7,1013.7,3.2,131.83,154
5/24/2024,Tomato_Big,45,के.जी.,12375,24.4,0,6.7,1012.1,1.8,131.59,154
5/27/2024,Tomato_Big,55,के.जी.,0,24.3,0,12,1006.1,4.4,131.26,154
5/28/2024,Tomato_Big,45,के.जी.,0,23.4,8.3,5.7,1004.4,16.7,131.38,154
5/29/2024,Tomato_Big,55,के.जी.,0,25.2,0,7.9,1007,1.1,131.78,154
5/30/2024,Tomato_Big,55,के.जी.,8850,25.3,0,9.6,1008.1,0,131.9,154
5/31/2024,Tomato_Big,65,के.जी.,0,24.8,1.5,10.4,1010.7,0.1,131.68,153
6/1/2024,Tomato_Big,65,के.जी.,0,22.9,1.5,6.9,1011.5,0.7,131.89,153
6/2/2024,Tomato_Big,75,के.जी.,12000,23.9,0,7.8,1013,8.1,131.89,153
6/3/2024,Tomato_Big,55,के.जी.,8750,24.5,0,8.3,1011.3,0.7,131.89,153
6/4/2024,Tomato_Big,55,के.जी.,0,22.5,22.6,6.4,1012.4,8.7,131.37,153
6/5/2024,Tomato_Big,50,के.जी.,0,23,1,9.8,1012.8,4.5,132.11,153
6/6/2024,Tomato_Big,65,के.जी.,0,23.8,3.6,8.5,1012.8,1.2,131.85,153
6/7/2024,Tomato_Big,45,के.जी.,0,24.3,0,10.1,1010.5,12.8,131.8,153
6/8/2024,Tomato_Big,55,के.जी.,0,24.8,2.3,10.3,1009.3,3.3,131.95,153
6/9/2024,Tomato_Big,55,के.जी.,10000,26.1,0,9.8,1009.6,0,131.95,153
6/11/2024,Tomato_Big,55,के.जी.,0,26,0,10.2,1009.2,2.2,131.95,153
6/12/2024,Tomato_Big,43.33,के.जी.,0,26.4,0,10.3,1010.5,1.1,132.29,153
6/13/2024,Tomato_Big,55,के.जी.,0,26.7,0,10,1008.7,10.5,132.03,153
6/14/2024,Tomato_Big,43.33,के.जी.,0,26.7,0,10.1,1008,9.2,132.38,153
6/15/2024,Tomato_Big,45,के.जी.,0,26.8,0,9.9,1007.6,4.7,131.96,153
6/16/2024,Tomato_Big,65,के.जी.,0,25.5,2.8,8.7,1008.6,10.8,131.96,153
6/17/2024,Tomato_Big,35,के.जी.,0,24.3,13.2,7.8,1007.2,12,131.96,153
6/18/2024,Tomato_Big,55,के.जी.,0,23.8,23.6,6.7,1004.1,12.3,132.03,153
6/19/2024,Tomato_Big,55,के.जी.,0,24.4,4.8,9.8,1003.6,30.9,131.86,153
6/20/2024,Tomato_Big,55,के.जी.,0,24.2,36.1,9.5,1006.5,9.8,131.9,153
6/21/2024,Tomato_Big,56.67,के.जी.,0,24.7,0,9.9,1009.1,7.6,132.22,153
6/22/2024,Tomato_Big,65,के.जी.,0,25,5.1,9.4,1009,15,131.89,153
6/23/2024,Tomato_Big,65,के.जी.,0,25.5,0.3,9.8,1009.8,11.8,131.89,153
6/24/2024,Tomato_Big,65,के.जी.,0,25.9,0.8,9.4,1008.7,9.5,131.89,153
6/25/2024,Tomato_Big,65,के.जी.,0,25.5,0,11.6,1005.9,13.5,131.97,153
6/26/2024,Tomato_Big,66.67,के.जी.,0,23.5,50.3,7.7,1008.7,55,131.95,153
6/27/2024,Tomato_Big,75,के.जी.,0,24.6,0.3,6.4,1011.4,15.4,132.2,153
6/28/2024,Tomato_Big,66.67,के.जी.,0,24,19.6,12.2,1008,26.4,132.02,153
6/29/2024,Tomato_Big,65,के.जी.,0,24.1,12.7,8.6,1006.8,22.3,131.61,153
6/30/2024,Tomato_Big,75,के.जी.,0,23.6,56.6,6.9,1005.9,16.5,131.61,157
7/1/2024,Tomato_Big,66.67,के.जी.,0,23.7,39.6,7.7,1004.4,36.4,131.61,157
7/2/2024,Tomato_Big,65,के.जी.,0,21.9,32.8,5.4,1003.5,32.4,132,157
7/3/2024,Tomato_Big,66.67,के.जी.,0,23.5,6.6,4.7,1006.5,20.7,131.95,157
7/4/2024,Tomato_Big,75,के.जी.,0,23.4,21.1,6.7,1008.5,13.3,132.02,157
7/5/2024,Tomato_Big,76.67,के.जी.,0,22.9,20.3,5.1,1007.2,14.5,132.02,157
7/6/2024,Tomato_Big,76.67,के.जी.,0,20.6,48.4,6.6,1007.4,45.5,132.18,157
7/7/2024,Tomato_Big,95,के.जी.,0,22.1,30.7,3.5,1010.7,12.7,132.18,157
7/8/2024,Tomato_Big,110,के.जी.,0,23.8,2,7.4,1010.9,6.4,132.18,157
7/9/2024,Tomato_Big,110,के.जी.,0,24,0.5,8.7,1010.3,16.6,132.05,157
7/10/2024,Tomato_Big,110,के.जी.,0,23,18,7.9,1010.8,32.3,132.09,157
7/11/2024,Tomato_Big,115,के.जी.,0,22.3,40.6,4.4,1008,57.7,132.04,157
7/12/2024,Tomato_Big,110,के.जी.,2500,22.3,29.7,7.9,1005.8,155.9,132.1,157
7/13/2024,Tomato_Big,120,के.जी.,0,24.4,24.4,8.3,1006.3,10.7,131.7,157
7/14/2024,Tomato_Big,115,के.जी.,0,24.7,1,8.6,1006.8,29.7,131.7,157
7/15/2024,Tomato_Big,120,के.जी.,0,25.4,13,10.6,1009.6,12.7,131.7,160
7/16/2024,Tomato_Big,115,के.जी.,0,24.8,0,7.9,1010.6,33.3,132.15,160
7/17/2024,Tomato_Big,125,के.जी.,0,24.1,25.4,6.4,1010.4,22,132.16,160
7/18/2024,Tomato_Big,110,के.जी.,0,24.5,9.8,7,1008.7,18.1,132.07,160
7/19/2024,Tomato_Big,116.67,के.जी.,0,25,25.7,6.4,1008.8,14.7,132.29,160
7/20/2024,Tomato_Big,90,के.जी.,0,24.5,1.5,7.6,1008,23,132.28,160
7/21/2024,Tomato_Big,95,के.जी.,0,24.1,23.8,6.2,1007.6,11.8,132.28,160
7/22/2024,Tomato_Big,66,के.जी.,0,23.9,7.6,6.1,1008.8,6.3,132.28,160
7/23/2024,Tomato_Big,70,के.जी.,0,23.5,10.7,6.8,1006.9,12,132.35,160
7/24/2024,Tomato_Big,70,के.जी.,0,24.2,28.2,6.6,1003.8,18.6,132.31,160
7/25/2024,Tomato_Big,75,के.जी.,0,24.2,29.8,6.5,1002.1,19.8,132.39,160
7/26/2024,Tomato_Big,70,के.जी.,2725,24.9,12.2,6.5,1004.4,11.5,132.39,160
7/27/2024,Tomato_Big,65,के.जी.,0,25.9,3.3,6.5,1006.9,1.4,132.41,160
7/28/2024,Tomato_Big,75,के.जी.,0,24.6,24.8,6.2,1007.8,10.9,132.41,160
7/29/2024,Tomato_Big,75,के.जी.,0,25.1,44,6.8,1006.6,11,132.41,160
7/30/2024,Tomato_Big,75,के.जी.,0,24.8,18,9.2,1007.6,11.1,132.45,160
7/31/2024,Tomato_Big,76.67,के.जी.,0,25,62.5,10.2,1009.1,12.9,132.43,158
8/1/2024,Tomato_Big,75,के.जी.,1575,24.3,0.3,11.8,1007.5,27.8,132.25,158
8/2/2024,Tomato_Big,76.67,के.जी.,0,23.5,0.8,7.3,1006.3,18.8,132.3,158
8/3/2024,Tomato_Big,73.33,के.जी.,0,24.5,5.6,9.5,1009.4,9.9,131.21,158
8/4/2024,Tomato_Big,75,के.जी.,0,24.6,0,12,1012.3,12.8,131.21,158
8/5/2024,Tomato_Big,66.67,के.जी.,0,23.9,1,7.9,1010.3,19.8,131.21,158
8/6/2024,Tomato_Big,65,के.जी.,0,22.4,73.4,9.5,1010.3,37.1,132.83,158
8/7/2024,Tomato_Big,66.67,के.जी.,0,22.9,25.9,6.7,1010.6,29.9,132.8,158
8/8/2024,Tomato_Big,65,के.जी.,0,22.5,20.8,5.8,1012,49.5,132.77,158
8/9/2024,Tomato_Big,76.67,के.जी.,0,22.3,5.1,5.2,1012.2,47.9,132.76,158
8/10/2024,Tomato_Big,76.67,के.जी.,0,23.1,0.8,6.1,1011.3,27.4,132.62,158
8/11/2024,Tomato_Big,75,के.जी.,0,22.5,29,7,1009.7,19.3,132.62,158
8/12/2024,Tomato_Big,96.67,के.जी.,0,23.6,22.2,8.1,1010.8,24,132.62,158
8/13/2024,Tomato_Big,95,के.जी.,0,23.7,15.2,6.2,1012,29.2,132.82,158
8/14/2024,Tomato_Big,86.67,के.जी.,11250,24.2,14.7,9.6,1013.1,13.4,132.77,158
8/15/2024,Tomato_Big,95,के.जी.,0,23.6,1.3,12.7,1011.9,9.8,132.77,158
8/16/2024,Tomato_Big,86.67,के.जी.,0,24.2,1.8,8.3,1010.9,7.1,133.23,155
8/17/2024,Tomato_Big,86.67,के.जी.,20000,24.1,13.7,10.4,1011.7,7.1,132.27,155
8/18/2024,Tomato_Big,85,के.जी.,0,23.4,27.7,6.2,1012.3,8.3,132.27,155
8/19/2024,Tomato_Big,96.67,के.जी.,0,22.9,7.9,6.1,1011.7,5,132.27,155
8/20/2024,Tomato_Big,95,के.जी.,0,22.3,6.9,7.4,1012.9,19.1,132.66,155
8/21/2024,Tomato_Big,76.67,के.जी.,0,21,1.3,5,1012.8,12.7,132.2,155
8/22/2024,Tomato_Big,75,के.जी.,0,22.6,6.5,5.3,1012.4,5.5,132.82,155
8/23/2024,Tomato_Big,96.67,के.जी.,10000,23.3,7.7,5.3,1012,6.1,132.89,155
8/24/2024,Tomato_Big,70,के.जी.,0,23.8,5.6,7.5,1012.2,5.5,131.64,155
8/25/2024,Tomato_Big,75,के.जी.,0,23.7,4,7.1,1011,12,131.64,155
8/26/2024,Tomato_Big,66.67,के.जी.,12000,22.4,8.7,6.8,1010,4.7,131.64,155
8/27/2024,Tomato_Big,65,के.जी.,0,22.2,7.6,4.3,1011.3,16.5,132.72,155
8/28/2024,Tomato_Big,60,के.जी.,0,24.2,0,6.7,1010.2,6.8,132.75,155
8/29/2024,Tomato_Big,65,के.जी.,8750,22.9,2.8,7.1,1009.8,5.8,132.78,155
8/30/2024,Tomato_Big,55,के.जी.,10000,25,6.6,6.8,1009.8,2.5,132.98,155
8/31/2024,Tomato_Big,53.75,के.जी.,0,24.6,0.5,8.4,1008.9,8.5,132.83,155
9/1/2024,Tomato_Big,55,के.जी.,0,21.4,0,5.9,1007.8,16.1,132.83,154
9/2/2024,Tomato_Big,55,के.जी.,12000,24.3,0,7.1,1007.5,4.2,132.83,154
9/3/2024,Tomato_Big,55,के.जी.,4500,22.9,0,6,1007.3,12.9,132.78,154
9/4/2024,Tomato_Big,55,के.जी.,0,23.3,0,6.4,1010.5,16.1,132.77,154
9/5/2024,Tomato_Big,55,के.जी.,0,22.5,17.4,6,1009.9,23.3,132.53,154
9/6/2024,Tomato_Big,55,के.जी.,0,23,33.2,9.4,1011.2,17.7,132.68,154
9/7/2024,Tomato_Big,55,के.जी.,0,24.4,5,6.3,1013.8,10.1,133.04,154
9/8/2024,Tomato_Big,55,के.जी.,3000,24.8,0,8,1012.4,0.4,133.04,154
9/9/2024,Tomato_Big,55,के.जी.,0,23.8,0,7.9,1010.8,1.9,133.04,154
9/12/2024,Tomato_Big,55,के.जी.,0,23.4,0.8,7.6,1011.7,22.1,132.74,154
11/19/2024,Tomato_Big,95,के.जी.,0,14.9,0,6.2,1021.2,1.5,132.79,154
2/15/2025,Tomato_Big,55,के.जी.,0,11.5,0,6.7,1015.2,0.1,136.69,154
2/16/2025,Tomato_Big,55,के.जी.,5000,12.3,0,6.5,1016.4,0.2,136.69,156
2/17/2025,Tomato_Big,55,के.जी.,0,12.7,0,7.8,1019.5,1.5,136.69,156
2/18/2025,Tomato_Big,55,के.जी.,0,12.9,0,8.5,1018.3,3.7,137.32,156
2/19/2025,Tomato_Big,55,के.जी.,0,13.7,0,6.9,1017.7,0.2,137.52,156
2/20/2025,Tomato_Big,55,के.जी.,3750,14.5,0,7.1,1020.2,0.8,137.25,156
2/21/2025,Tomato_Big,55,के.जी.,0,13.8,0,8.6,1019.8,3.1,136.9,156
2/22/2025,Tomato_Big,45,के.जी.,0,14.3,0,6.3,1019.8,0.4,136.58,156
2/23/2025,Tomato_Big,45,के.जी.,2000,13.7,0,7.9,1021,1.4,136.58,156
2/24/2025,Tomato_Big,45,के.जी.,0,13.8,0,8,1021.7,1.3,136.58,156
2/25/2025,Tomato_Big,45,के.जी.,5331,14,0,7.9,1023,0,137.02,156
2/26/2025,Tomato_Big,45,के.जी.,0,15,0,7.4,1023.1,0,137.72,156
2/27/2025,Tomato_Big,45,के.जी.,0,15,0,7.1,1020.5,0.5,137.82,156
2/28/2025,Tomato_Big,45,के.जी.,0,14.2,3,6.5,1020.2,0.3,137.75,156
3/1/2025,Tomato_Big,45,के.जी.,0,14,9.3,6.5,1018.5,0,138.52,155
3/2/2025,Tomato_Big,45,के.जी.,0,14.6,0,7,1013.8,0,138.52,155
3/3/2025,Tomato_Big,45,के.जी.,0,16,0,8.2,1014.5,0,138.52,155
3/6/2025,Tomato_Big,22.33,के.जी.,0,14.7,0,10.9,1015,0,137.59,155
3/7/2025,Tomato_Big,22.33,के.जी.,0,15,0,10.2,1014.1,5.1,137.72,155
3/8/2025,Tomato_Big,22.33,के.जी.,0,14.8,0,9.8,1013.3,1.3,137.65,155
3/9/2025,Tomato_Big,22.33,के.जी.,0,15.5,0,9,1018.8,1.9,137.65,155
3/10/2025,Tomato_Big,22.33,के.जी.,0,17.4,1.5,7.4,1022.2,4.3,137.65,155
3/11/2025,Tomato_Big,22.33,के.जी.,4620,17,1.4,8.6,1018.4,1.8,138.31,155
3/12/2025,Tomato_Big,22.33,के.जी.,0,17.4,3.1,9.4,1013.5,4,137.96,155
3/13/2025,Tomato_Big,22.33,के.जी.,0,16.7,1.3,6.4,1012.3,2.3,138.1,155
3/14/2025,Tomato_Big,22.33,के.जी.,0,18.5,0.3,7.8,1014.1,0.1,137.67,155
3/15/2025,Tomato_Big,22.33,के.जी.,0,19.3,0,9.2,1016.6,0.3,137.19,155
3/16/2025,Tomato_Big,22.33,के.जी.,0,18.6,0,9,1017.1,3.9,137.19,151
3/17/2025,Tomato_Big,22.33,के.जी.,0,18.9,0,10.3,1015.8,0.1,137.19,151
3/18/2025,Tomato_Big,22.33,के.जी.,0,17.7,0,8.4,1015.4,0,137.41,151
3/19/2025,Tomato_Big,17.67,के.जी.,1500,18.6,0,9,1015.6,0,136.86,151
3/20/2025,Tomato_Big,18.33,के.जी.,400,18.8,0,8.9,1016,0,136.47,151
3/21/2025,Tomato_Big,18.33,के.जी.,0,18.4,0,12,1017.3,1,136.48,151
3/22/2025,Tomato_Big,22.33,के.जी.,500,16.5,0,11.3,1019.4,1.4,136.15,151
3/23/2025,Tomato_Big,22.33,के.जी.,10000,16.4,0,7.6,1021,0.1,136.15,151
3/24/2025,Tomato_Big,35,के.जी.,0,17.5,0,6.8,1020.8,0,136.15,151
3/25/2025,Tomato_Big,35,के.जी.,2875,19.6,0,7.8,1016.6,0,135.43,151
3/26/2025,Tomato_Big,35,के.जी.,10000,20.6,0,8.3,1013.8,0,135.52,151
3/27/2025,Tomato_Big,35,के.जी.,2625,22,0,6.9,1012,0,135.57,151
3/28/2025,Tomato_Big,35,के.जी.,0,21.4,0,10.2,1011.9,0,135.5,151
3/29/2025,Tomato_Big,35,के.जी.,0,21.4,0,8.5,1012.4,0,133.72,151
3/30/2025,Tomato_Big,35,के.जी.,0,20.3,0,9.8,1015.6,0,133.72,151
3/31/2025,Tomato_Big,35,के.जी.,0,20,0,8.5,1016.4,0,133.72,149
4/1/2025,Tomato_Big,45,के.जी.,0,20,0,8,1015.9,0,135.18,149
4/2/2025,Tomato_Big,35,के.जी.,0,19.5,0,7.7,1017.6,0,135.56,149
4/3/2025,Tomato_Big,35,के.जी.,0,19.2,0,7.3,1018.6,0,135.14,149
4/4/2025,Tomato_Big,35,के.जी.,2000,19.8,0,7.5,1017.4,0,135.03,149
4/5/2025,Tomato_Big,35,के.जी.,0,19.5,0,6.7,1015.9,0,135.8,149
4/6/2025,Tomato_Big,35,के.जी.,0,20.3,0,8.5,1016.4,0,135.8,149
4/7/2025,Tomato_Big,35,के.जी.,1500,20,0,6.7,1019.1,0,135.8,149
4/8/2025,Tomato_Big,35,के.जी.,3400,21,0,7.2,1021.5,6.9,135.86,149
4/9/2025,Tomato_Big,35,के.जी.,2675,20,4.8,7.3,1018.5,0.5,136.22,149
4/10/2025,Tomato_Big,35,के.जी.,2200,16.1,8.9,7.6,1014,20.8,137.25,149
4/11/2025,Tomato_Big,35,के.जी.,0,17.9,4.8,7.1,1012.4,22.3,136.32,149
4/12/2025,Tomato_Big,35,के.जी.,4000,17.9,8.1,6.2,1014.7,0.5,136.2,149
4/13/2025,Tomato_Big,35,के.जी.,0,17.6,4.8,9.9,1016.8,2.4,136.2,149
4/14/2025,Tomato_Big,35,के.जी.,3000,17.7,0.8,7.2,1018,2.7,136.2,149
4/15/2025,Tomato_Big,35,के.जी.,0,18.5,0.1,7.7,1016.9,2.9,136.07,146
4/16/2025,Tomato_Big,35,के.जी.,1500,19.9,0.3,5.6,1016.6,0.7,135.73,146
4/17/2025,Tomato_Big,35,के.जी.,9575,18.5,1.8,9,1014.7,6.4,135.39,146
4/18/2025,Tomato_Big,35,के.जी.,12000,20.3,2.5,8.9,1013.8,7.5,135.01,146
4/19/2025,Tomato_Big,35,के.जी.,7212,19.3,5.6,5.5,1014.2,9.6,135.01,146
4/20/2025,Tomato_Big,35,के.जी.,0,22,0,6.6,1014.3,1.5,135.01,146
4/21/2025,Tomato_Big,35,के.जी.,9800,23.7,0,7.6,1016,0,135.01,146
4/22/2025,Tomato_Big,35,के.जी.,0,24.2,0,9.1,1015.3,0,135.01,146
4/23/2025,Tomato_Big,35,के.जी.,3300,24.3,0,7.8,1012,0,134.75,146
4/24/2025,Tomato_Big,35,के.जी.,0,23.9,0,8.3,1011.5,0,135.08,146
4/25/2025,Tomato_Big,35,के.जी.,1800,23.4,0,8.1,1013.2,0,134.87,146
4/26/2025,Tomato_Big,35,के.जी.,5000,24.2,0,8.2,1013.9,0,134.52,146
4/27/2025,Tomato_Big,35,के.जी.,2875,19.5,1.5,8.1,1015,0.6,134.52,146
4/29/2025,Tomato_Big,35,के.जी.,13150,19,4.3,7.2,1015.8,0.6,134.52,146
4/30/2025,Tomato_Big,35,के.जी.,0,20.4,2,9,1017.1,2.1,134.75,145
5/1/2025,Tomato_Big,35,के.जी.,2210,18.7,11.8,8.2,1018.7,6.4,133.69,145
5/2/2025,Tomato_Big,35,के.जी.,23500,19.1,3.1,6.5,1017.6,2,134.13,145
5/3/2025,Tomato_Big,35,के.जी.,0,19.5,0.7,7.8,1015.1,1.8,135.44,145
5/4/2025,Tomato_Big,35,के.जी.,11000,18.6,16.9,5.2,1014.4,9.8,135.44,145
5/19/2025,Tomato_Big,45,के.जी.,8100,21.4,0,8.3,1013.5,15.1,135.44,145
5/20/2025,Tomato_Big,45,के.जी.,29625,21.8,15.2,9.6,1011.5,19.3,135.13,145
5/21/2025,Tomato_Big,37.67,के.जी.,2500,20.4,10.9,8.3,1012.5,14.1,135.28,145
5/22/2025,Tomato_Big,37.67,के.जी.,2625,21.9,0,6.1,1013,2,135.24,145
5/23/2025,Tomato_Big,37.67,के.जी.,9000,21.8,0,8.2,1010.6,1.7,135.84,145
5/24/2025,Tomato_Big,37.67,के.जी.,5225,22.3,22.1,6.8,1012.7,0.6,134.67,145
5/25/2025,Tomato_Big,37.67,के.जी.,13125,22.8,0.5,5.8,1013.5,6.1,134.67,145
5/26/2025,Tomato_Big,35,के.जी.,18000,22.6,3,9.7,1011.2,11.3,134.67,145
5/27/2025,Tomato_Big,35,के.जी.,0,23.5,0,8.3,1009.1,5.2,134.63,145
5/28/2025,Tomato_Big,35,के.जी.,2700,23.7,0,8.9,1007.1,5.4,135.07,145
5/29/2025,Tomato_Big,45,के.जी.,4500,24.2,43.4,9.5,1005.6,8.9,135.08,145
5/30/2025,Tomato_Big,45,के.जी.,1500,24.2,6.4,10,1004.1,0.9,135.36,145
5/31/2025,Tomato_Big,45,के.जी.,0,24.3,2.3,7.2,1006.6,5,135.16,143
6/1/2025,Tomato_Big,50,के.जी.,11250,23.9,1,9.4,1006.8,3.2,135.16,145
6/2/2025,Tomato_Big,50,के.जी.,15000,23.9,0,8.5,1007.8,4.6,135.16,145
6/3/2025,Tomato_Big,65,के.जी.,7500,22.3,0,6.2,1009.7,0.5,135.06,145
6/4/2025,Tomato_Big,65,के.जी.,0,20.1,2.5,7,1011.9,17.8,135.88,145
6/5/2025,Tomato_Big,65,के.जी.,0,21.6,1,7.4,1014.8,7,135.84,145
6/6/2025,Tomato_Big,70.75,के.जी.,0,21.8,0,9.4,1015,0.3,135.71,145
6/7/2025,Tomato_Big,70,के.जी.,0,23.7,0,7.5,1014.2,1.6,135.74,145
6/8/2025,Tomato_Big,75,के.जी.,0,24.4,0,8.1,1013,0,135.74,145
6/9/2025,Tomato_Big,85,के.जी.,0,25.7,0,8.4,1011.8,0,135.74,145
6/10/2025,Tomato_Big,105.5,के.जी.,0,25.4,1.5,8.1,1010.5,2.5,135.66,145
6/11/2025,Tomato_Big,104.25,के.जी.,4500,25.1,16.8,7.4,1010.8,5,135.39,145
6/12/2025,Tomato_Big,96.4,के.जी.,4500,24.4,0.3,7.9,1011.1,4.6,135.45,145
6/13/2025,Tomato_Big,73.6,के.जी.,0,22.7,25.9,5.4,1011.2,18.2,135.24,145
6/14/2025,Tomato_Big,63.2,के.जी.,0,25.2,0,8.1,1009.6,11.7,135.61,145
6/15/2025,Tomato_Big,65,के.जी.,0,23.2,9.7,8,1007.2,27.4,135.61,145
6/16/2025,Tomato_Big,67.4,के.जी.,0,23.4,5.3,7.4,1008.5,13.1,135.61,145
6/17/2025,Tomato_Big,71,के.जी.,0,23.7,41.1,7.2,1007.7,24.2,136.07,145
6/18/2025,Tomato_Big,63.8,के.जी.,0,24,0,8.7,1006,27.2,136.4,145
6/19/2025,Tomato_Big,65,के.जी.,0,23.4,23.6,6.2,1004.4,50,136.73,145
6/20/2025,Tomato_Big,65,के.जी.,0,23.2,32.8,5.8,1007.4,24.5,137.18,145
6/21/2025,Tomato_Big,65,के.जी.,0,24.4,6.6,8.9,1007.4,11.6,137,145
6/22/2025,Tomato_Big,65.8,के.जी.,0,24.3,0.8,8.4,1007.8,10.7,137,145
6/23/2025,Tomato_Big,65,के.जी.,0,22.9,60.5,7.6,1005.8,23,137,145
6/24/2025,Tomato_Big,65.6,के.जी.,0,23.3,17,9,1005.2,32.3,137.2,145
6/25/2025,Tomato_Big,63,के.जी.,0,23.9,8.9,7.9,1007.8,9.2,136.05,145
6/26/2025,Tomato_Big,64,के.जी.,0,24.3,9.9,7.9,1009.3,7.7,136.21,145
6/27/2025,Tomato_Big,69,के.जी.,0,24.5,18.8,9.5,1008.5,14.1,135.41,145
6/28/2025,Tomato_Big,65,के.जी.,0,24.1,3.8,8.5,1008,21.3,135.27,145
6/29/2025,Tomato_Big,66,के.जी.,0,22.6,25.3,6.5,1005.5,31.1,135.27,145
6/30/2025,Tomato_Big,65.8,के.जी.,0,23.2,4.8,5.3,1006.3,4.9,135.27,149
7/1/2025,Tomato_Big,63.2,के.जी.,0,23.7,2.8,5.9,1007,26.9,135.86,149
7/2/2025,Tomato_Big,70,के.जी.,0,24.2,3.6,9.3,1008.1,32.7,135.35,149
7/3/2025,Tomato_Big,70,के.जी.,0,24,0.5,7.8,1008.2,34.7,135.26,149
7/4/2025,Tomato_Big,68.33,के.जी.,0,23.4,15.6,8.2,1008.2,27.5,135,149
7/5/2025,Tomato_Big,65,के.जी.,0,23.5,7.9,6.6,1007.6,3.6,135.1,149
7/6/2025,Tomato_Big,65,के.जी.,0,23.8,0,8.3,1006.4,4.7,135.1,149
7/7/2025,Tomato_Big,69,के.जी.,0,24.8,14.7,7.9,1007.9,0.9,135.1,149
7/8/2025,Tomato_Big,69,के.जी.,0,24,0.8,8.6,1006.7,9.7,135.93,149
7/9/2025,Tomato_Big,68,के.जी.,0,23.3,59.2,10,1009.1,27.9,135.51,149
7/10/2025,Tomato_Big,65,के.जी.,0,23.2,16.8,6.2,1010.8,6.5,135.58,149
7/11/2025,Tomato_Big,70,के.जी.,0,24.4,2.5,6.6,1008.9,16.7,135.65,149
7/12/2025,Tomato_Big,65,के.जी.,0,25.2,10.7,7,1009.7,18.3,135.68,149
7/13/2025,Tomato_Big,65,के.जी.,0,23.5,11.2,7.1,1009.9,8.8,135.68,149
7/14/2025,Tomato_Big,65,के.जी.,0,23.8,7.4,7.5,1009.9,9.9,135.68,149
7/15/2025,Tomato_Big,65,के.जी.,0,22.8,5.8,6.5,1007.9,6.3,136.02,148
7/16/2025,Tomato_Big,65,के.जी.,0,24,1.5,10,1010.8,4.8,135.91,148
7/17/2025,Tomato_Big,65,के.जी.,0,23.8,1,8.8,1012.7,5.9,136.03,148
7/18/2025,Tomato_Big,65,के.जी.,0,25.6,0,8.5,1012,6.6,136.04,148
7/19/2025,Tomato_Big,65,के.जी.,0,25.9,0,9,1006.9,3.7,136.4,148
7/20/2025,Tomato_Big,65,के.जी.,0,23.6,3.3,6.4,1007.9,8.7,136.4,148
7/21/2025,Tomato_Big,60,के.जी.,0,24.4,1,5.5,1009.6,1.2,136.4,148
7/22/2025,Tomato_Big,60,के.जी.,0,24.8,11.7,8.5,1007,13.8,136.42,148
7/23/2025,Tomato_Big,58.75,के.जी.,0,24.8,9.2,6.4,1005.7,9.7,136.72,148
7/24/2025,Tomato_Big,55,के.जी.,0,26,12.2,6.5,1004.4,6.7,136.8,148
7/25/2025,Tomato_Big,55,के.जी.,0,25.3,0,9.3,1003.9,8.1,136.76,148
7/26/2025,Tomato_Big,55,के.जी.,0,25.1,1.8,8.2,1005.9,34.9,136.8,148
7/27/2025,Tomato_Big,55,के.जी.,0,24.1,0.3,7.6,1006,26.5,136.8,148
7/28/2025,Tomato_Big,55,के.जी.,0,22.3,34.8,5.6,1007.2,63,136.8,148
7/29/2025,Tomato_Big,55.6,के.जी.,0,23.8,2.8,5.9,1007.4,16.8,137.19,148
7/30/2025,Tomato_Big,55,के.जी.,0,23.7,1.5,7.1,1007.6,31.3,137.47,148
7/31/2025,Tomato_Big,55.4,के.जी.,0,23.5,8.4,6.3,1008.6,7.9,138.44,150
8/1/2025,Tomato_Big,55.75,के.जी.,0,24,5.1,6.2,1008.2,18.2,138.58,150
8/2/2025,Tomato_Big,55,के.जी.,0,23.7,0.8,7.7,1007.8,30.4,136.32,150
8/3/2025,Tomato_Big,55.6,के.जी.,0,23.3,22.6,8.6,1010.6,43.3,136.32,150
8/4/2025,Tomato_Big,55.2,के.जी.,0,22.2,21.6,7.8,1011.5,12.1,136.32,150
8/5/2025,Tomato_Big,55,के.जी.,0,21.6,15.7,5.6,1012.3,36.5,138.58,150
8/6/2025,Tomato_Big,56,के.जी.,0,24.4,0.3,7.5,1011.7,10.2,138.93,150
8/7/2025,Tomato_Big,55,के.जी.,0,24.5,0,7.8,1009.5,6.3,139,150
8/8/2025,Tomato_Big,55,के.जी.,0,23.4,6.4,9.8,1011.2,35.8,138.67,150
8/9/2025,Tomato_Big,54.25,के.जी.,0,23.3,7.6,6.9,1013.9,35.5,138.47,150
8/10/2025,Tomato_Big,55,के.जी.,0,23.5,5.6,6.2,1012.1,14.7,138.47,150
8/11/2025,Tomato_Big,65,के.जी.,0,23.3,4.3,4.8,1011.4,10.5,138.47,150
8/12/2025,Tomato_Big,64,के.जी.,0,24.4,0.5,6.9,1010.1,7.5,138.83,150
8/13/2025,Tomato_Big,63.6,के.जी.,0,22.2,30.5,7.1,1011.2,52.6,138.81,150
8/14/2025,Tomato_Big,65.6,के.जी.,0,22.1,5.1,4.6,1013.5,11.7,138.55,150
8/15/2025,Tomato_Big,65,के.जी.,0,22.8,6,6.7,1011.7,5.2,138.62,149
8/16/2025,Tomato_Big,65,के.जी.,0,23.5,21.9,5.5,1010.7,10.3,138.27,149
8/17/2025,Tomato_Big,65,के.जी.,0,23.4,5.3,7.2,1012.6,9.4,138.27,149
8/18/2025,Tomato_Big,74.4,के.जी.,0,23.4,20.3,6,1014.2,6.9,138.27,149
8/19/2025,Tomato_Big,75.6,के.जी.,0,24,6.6,7.2,1012.7,13.2,138.2,149
8/20/2025,Tomato_Big,84,के.जी.,0,23.6,0,7.4,1011.6,10.5,137.87,149
8/21/2025,Tomato_Big,85,के.जी.,0,23.1,8.9,7.5,1011.5,9.3,137.59,149
8/22/2025,Tomato_Big,85,के.जी.,75,22.9,30,7,1008.8,19,138.03,149
8/23/2025,Tomato_Big,86.25,के.जी.,0,23.3,14.5,7.5,1008.2,5.1,136.94,149
8/24/2025,Tomato_Big,86.25,के.जी.,0,24,0.3,7.7,1011,17.4,136.94,149
8/25/2025,Tomato_Big,82.6,के.जी.,425,23.6,5,9.6,1012.3,12.3,136.94,149
8/26/2025,Tomato_Big,82,के.जी.,0,23.8,11.3,7.5,1013.3,13.4,138.5,149
8/27/2025,Tomato_Big,76.25,के.जी.,5700,23,12.5,5.5,1011.8,17.3,138.65,149
8/28/2025,Tomato_Big,75,के.जी.,0,21.7,18.9,5.8,1010.8,19.2,138.98,149
8/29/2025,Tomato_Big,72,के.जी.,0,22.3,16.2,5.7,1013.4,22.5,138.58,149
8/30/2025,Tomato_Big,75,के.जी.,0,22.6,11.3,5.1,1014.4,14,139.34,149
8/31/2025,Tomato_Big,75,के.जी.,0,22.8,15.8,5.9,1012.7,24.9,139.34,145
9/1/2025,Tomato_Big,67,के.जी.,10175,23.7,20.2,6.9,1011.3,7.4,139.34,145
9/2/2025,Tomato_Big,68,के.जी.,0,23.8,10.8,7.5,1012.6,5.7,139.55,145
9/3/2025,Tomato_Big,67.5,के.जी.,0,24,16,7.5,1012.4,8.8,139.68,145
9/4/2025,Tomato_Big,67.5,के.जी.,0,23.9,14.5,8,1013.7,5.2,139.54,145
9/5/2025,Tomato_Big,70,के.जी.,0,24,17,8,1013.7,10.7,139.52,145
9/6/2025,Tomato_Big,70,के.जी.,0,22.8,15.4,6.6,1014.5,10.4,139.4,145
9/7/2025,Tomato_Big,65.6,के.जी.,0,23.2,15,6.2,1013.4,22.7,139.4,145
9/8/2025,Tomato_Big,64,के.जी.,0,23.6,7.4,7.6,1014,4.4,139.4,145
9/9/2025,Tomato_Big,65,के.जी.,0,23.3,5.1,6,1012.5,3.7,138.88,145
9/11/2025,Tomato_Big,65,के.जी.,0,22.7,14.6,4.9,1013.1,24.4,139.53,145
9/12/2025,Tomato_Big,64,के.जी.,0,23.5,17.4,5.2,1014.6,17.6,139.96,145
9/13/2025,Tomato_Big,56,के.जी.,0,23.4,21.5,6,1015.4,7.8,139.74,145
9/14/2025,Tomato_Big,56,के.जी.,0,22.5,7.3,5.5,1014.3,43.5,139.74,145
9/15/2025,Tomato_Big,55,के.जी.,0,22.1,21.3,4.2,1012.5,30.4,139.74,142.5
9/16/2025,Tomato_Big,55,के.जी.,0,21.5,22.5,4.3,1013.6,39.8,139.52,142.5
9/17/2025,Tomato_Big,55,के.जी.,0,21.9,24.7,5.8,1014.1,17.2,139.47,142.5
9/18/2025,Tomato_Big,55,के.जी.,4500,22,3.1,4,1013.6,15.4,139.01,142.5
9/19/2025,Tomato_Big,64.4,के.जी.,0,22.1,6.2,5.5,1013.6,17.2,139.53,142.5
9/20/2025,Tomato_Big,65,के.जी.,0,22.9,11,7.4,1013.4,11.8,140.44,142.5
9/26/2025,Tomato_Big,60,के.जी.,8875,24.4,5.1,5.3,1013.4,5.8,140.44,142.5
9/27/2025,Tomato_Big,65,के.जी.,0,23.3,1.2,6.2,1017.1,2.7,139.9,142.5
9/28/2025,Tomato_Big,75,के.जी.,10000,23.2,9.6,6.5,1016.1,8.1,139.9,142.5
9/29/2025,Tomato_Big,75,के.जी.,0,22.7,8.6,5.3,1014.2,15.3,139.9,142.5
9/30/2025,Tomato_Big,75,के.जी.,0,23.1,8.6,5.3,1011.3,13.8,140.53,145
10/1/2025,Tomato_Big,75,के.जी.,0,22,0,7,1011.8,12.4,140.89,145
10/2/2025,Tomato_Big,75,के.जी.,0,20.2,0,4.6,1017.2,13.4,140.38,145
10/4/2025,Tomato_Big,75,के.जी.,9150,20.9,0,4.6,1015.7,100,139.74,145
10/19/2025,Tomato_Big,47.25,के.जी.,0,18.95441459,0,7.292130518,1014.707198,0,139.74,145
10/20/2025,Tomato_Big,47.75,के.जी.,0,18.95441459,0,7.292130518,1014.707198,0,139.74,145
