Date,USD_to_NPR
,USDNPR=X
2022-01-03,117.49180603027344
2022-01-04,117.46723937988281
2022-01-05,117.55131530761719
2022-01-06,117.42108154296875
2022-01-07,117.5907974243164
2022-01-10,116.81132507324219
2022-01-11,117.02059936523438
2022-01-12,116.71678161621094
2022-01-13,116.87882232666016
2022-01-14,116.68106842041016
2022-01-17,117.0669937133789
2022-01-18,117.28324890136719
2022-01-19,117.85549926757812
2022-01-20,117.47162628173828
2022-01-21,117.73344421386719
2022-01-24,117.56137084960938
2022-01-25,117.80206298828125
2022-01-26,118.06201934814453
2022-01-27,118.25189971923828
2022-01-28,118.61900329589844
2022-01-31,118.44135284423828
2022-02-01,118.01214599609375
2022-02-02,118.11471557617188
2022-02-03,118.37804412841797
2022-02-04,118.03866577148438
2022-02-07,118.08647155761719
2022-02-08,117.92483520507812
2022-02-09,118.05026245117188
2022-02-10,118.19517517089844
2022-02-11,118.32380676269531
2022-02-14,119.39326477050781
2022-02-15,119.25723266601562
2022-02-16,119.15542602539062
2022-02-17,118.50273132324219
2022-02-18,118.40128326416016
2022-02-21,117.98834991455078
2022-02-22,117.86267852783203
2022-02-23,118.07511138916016
2022-02-24,117.82889556884766
2022-02-25,119.50479125976562
2022-02-28,118.04668426513672
2022-03-01,119.2311782836914
2022-03-02,119.5634765625
2022-03-03,119.65343475341797
2022-03-04,120.28121948242188
2022-03-07,120.92171478271484
2022-03-08,121.28364562988281
2022-03-09,121.15190124511719
2022-03-10,121.38103485107422
2022-03-11,120.44493865966797
2022-03-14,120.40541076660156
2022-03-15,120.77771759033203
2022-03-16,120.75421905517578
2022-03-17,120.5159683227539
2022-03-18,119.75118255615234
2022-03-21,120.19408416748047
2022-03-22,120.16264343261719
2022-03-23,119.99909210205078
2022-03-24,120.64900970458984
2022-03-25,120.46699523925781
2022-03-28,120.64269256591797
2022-03-29,120.2037582397461
2022-03-30,119.99005126953125
2022-03-31,119.96279907226562
2022-04-01,119.4702377319336
2022-04-04,120.21326446533203
2022-04-05,119.2636947631836
2022-04-06,118.92887115478516
2022-04-07,119.65676879882812
2022-04-08,119.93171691894531
2022-04-11,119.81694030761719
2022-04-12,120.09685516357422
2022-04-13,120.21995544433594
2022-04-14,120.20364379882812
2022-04-15,120.25846862792969
2022-04-18,121.29364013671875
2022-04-19,121.39414978027344
2022-04-20,120.53071594238281
2022-04-21,120.80389404296875
2022-04-22,120.93840789794922
2022-04-25,120.91557312011719
2022-04-26,120.96085357666016
2022-04-27,121.08869934082031
2022-04-28,121.00636291503906
2022-04-29,120.62266540527344
2022-05-02,120.63909912109375
2022-05-03,120.68827819824219
2022-05-04,120.490478515625
2022-05-05,120.5151596069336
2022-05-06,120.5346908569336
2022-05-09,121.1781234741211
2022-05-10,122.44270324707031
2022-05-11,122.06858825683594
2022-05-12,121.96446228027344
2022-05-13,122.27735137939453
2022-05-16,122.01555633544922
2022-05-17,122.53308868408203
2022-05-18,122.20037078857422
2022-05-19,122.4049301147461
2022-05-20,122.70738220214844
2022-05-23,122.58628845214844
2022-05-24,122.46702575683594
2022-05-25,122.65719604492188
2022-05-26,122.4140396118164
2022-05-27,122.55427551269531
2022-05-30,122.49808502197266
2022-05-31,122.3823013305664
2022-06-01,122.5766372680664
2022-06-02,122.434814453125
2022-06-03,122.5024185180664
2022-06-06,122.84392547607422
2022-06-07,122.56663513183594
2022-06-08,122.90292358398438
2022-06-09,122.66205596923828
2022-06-10,122.8080825805664
2022-06-13,123.75166320800781
2022-06-14,123.37981414794922
2022-06-15,123.22933959960938
2022-06-16,123.1981201171875
2022-06-17,123.26655578613281
2022-06-20,123.49462127685547
2022-06-21,123.2364273071289
2022-06-22,123.27579498291016
2022-06-23,123.4964828491211
2022-06-24,123.70768737792969
2022-06-27,123.6400375366211
2022-06-28,123.66705322265625
2022-06-29,124.37479400634766
2022-06-30,124.6819839477539
2022-07-01,124.53630065917969
2022-07-04,124.64053344726562
2022-07-05,124.66470336914062
2022-07-06,124.8941879272461
2022-07-07,125.28277587890625
2022-07-08,125.00367736816406
2022-07-11,124.5458984375
2022-07-12,125.54778289794922
2022-07-13,125.55216979980469
2022-07-14,125.64266967773438
2022-07-15,126.02696228027344
2022-07-18,125.82134246826172
2022-07-19,126.1664047241211
2022-07-20,126.28081512451172
2022-07-21,126.15591430664062
2022-07-22,126.16682434082031
2022-07-25,125.5418472290039
2022-07-26,125.94506072998047
2022-07-27,125.8296127319336
2022-07-28,125.98360443115234
2022-07-29,126.0087661743164
2022-08-01,125.2848129272461
2022-08-02,124.80374908447266
2022-08-03,124.05882263183594
2022-08-04,124.83399200439453
2022-08-05,125.3817138671875
2022-08-08,125.60710906982422
2022-08-09,125.538818359375
2022-08-10,125.59696960449219
2022-08-11,125.55338287353516
2022-08-12,125.61200714111328
2022-08-15,125.69266510009766
2022-08-16,125.54231262207031
2022-08-17,125.2581558227539
2022-08-18,125.38432312011719
2022-08-19,125.73641204833984
2022-08-22,126.10053253173828
2022-08-23,126.02291107177734
2022-08-24,126.02106475830078
2022-08-25,126.01722717285156
2022-08-26,125.9063491821289
2022-08-29,126.63689422607422
2022-08-30,126.23526000976562
2022-08-31,125.27281951904297
2022-09-01,125.3930435180664
2022-09-02,125.48600769042969
2022-09-05,125.88790893554688
2022-09-06,126.06439208984375
2022-09-07,125.85403442382812
2022-09-08,126.11917114257812
2022-09-09,125.8023452758789
2022-09-12,125.39158630371094
2022-09-13,125.5967025756836
2022-09-14,124.82225799560547
2022-09-15,125.44140625
2022-09-16,125.51319122314453
2022-09-19,124.58289337158203
2022-09-20,125.63843536376953
2022-09-21,125.75117492675781
2022-09-22,126.25956726074219
2022-09-23,127.45417022705078
2022-09-26,128.4937286376953
2022-09-27,128.6099395751953
2022-09-28,128.7893829345703
2022-09-29,129.510986328125
2022-09-30,129.29820251464844
2022-10-03,128.62619018554688
2022-10-04,129.10887145996094
2022-10-05,128.86331176757812
2022-10-06,129.2198028564453
2022-10-07,129.36155700683594
2022-10-10,130.78775024414062
2022-10-11,129.8968963623047
2022-10-12,130.00308227539062
2022-10-13,129.9246063232422
2022-10-14,130.09585571289062
2022-10-17,130.1177215576172
2022-10-18,130.10536193847656
2022-10-19,129.89027404785156
2022-10-20,131.13705444335938
2022-10-21,130.50982666015625
2022-10-24,129.1392059326172
2022-10-25,130.0094757080078
2022-10-26,130.68222045898438
2022-10-27,129.46913146972656
2022-10-28,129.9817657470703
2022-10-31,130.83135986328125
2022-11-01,130.87747192382812
2022-11-02,130.4618682861328
2022-11-03,130.55751037597656
2022-11-04,130.6712646484375
2022-11-07,128.32830810546875
2022-11-08,129.68569946289062
2022-11-09,128.7771453857422
2022-11-10,128.45095825195312
2022-11-11,129.0600128173828
2022-11-14,126.64834594726562
2022-11-15,128.40284729003906
2022-11-16,127.99000549316406
2022-11-17,128.3803253173828
2022-11-18,128.87606811523438
2022-11-21,128.9384765625
2022-11-22,129.2400665283203
2022-11-23,129.00730895996094
2022-11-24,129.31593322753906
2022-11-25,129.01162719726562
2022-11-28,128.91612243652344
2022-11-29,129.095947265625
2022-11-30,129.11392211914062
2022-12-01,128.51414489746094
2022-12-02,128.3358154296875
2022-12-05,128.36061096191406
2022-12-06,129.2096405029297
2022-12-07,130.5340576171875
2022-12-08,130.2432403564453
2022-12-09,130.22311401367188
2022-12-12,130.2299346923828
2022-12-13,130.33612060546875
2022-12-14,130.56582641601562
2022-12-15,130.48304748535156
2022-12-16,130.82472229003906
2022-12-19,131.3260040283203
2022-12-20,130.60044860839844
2022-12-21,130.83358764648438
2022-12-22,130.75465393066406
2022-12-23,130.68740844726562
2022-12-26,130.89654541015625
2022-12-27,130.8731231689453
2022-12-28,131.02357482910156
2022-12-29,131.0189971923828
2022-12-30,130.82012939453125
2023-01-02,130.53590393066406
2023-01-03,130.8606414794922
2023-01-04,131.0754852294922
2023-01-05,130.8909149169922
2023-01-06,130.79022216796875
2023-01-09,130.6701202392578
2023-01-10,130.1795654296875
2023-01-11,129.2992706298828
2023-01-12,128.9485626220703
2023-01-13,128.89466857910156
2023-01-16,128.13937377929688
2023-01-17,129.17074584960938
2023-01-18,129.36073303222656
2023-01-19,128.3594207763672
2023-01-20,128.574462890625
2023-01-23,128.26292419433594
2023-01-24,128.68270874023438
2023-01-25,129.09756469726562
2023-01-26,129.02120971679688
2023-01-27,129.00128173828125
2023-01-30,128.92628479003906
2023-01-31,128.74024963378906
2023-02-01,129.62547302246094
2023-02-02,129.5894775390625
2023-02-03,129.90171813964844
2023-02-06,130.57302856445312
2023-02-07,130.67970275878906
2023-02-08,130.687255859375
2023-02-09,130.32583618164062
2023-02-10,130.30828857421875
2023-02-13,130.38449096679688
2023-02-14,130.69410705566406
2023-02-15,130.7747802734375
2023-02-16,131.19140625
2023-02-17,130.64938354492188
2023-02-20,130.14878845214844
2023-02-21,130.73768615722656
2023-02-22,130.99293518066406
2023-02-23,130.83522033691406
2023-02-24,130.7313690185547
2023-02-27,130.72315979003906
2023-02-28,130.95318603515625
2023-03-01,130.6326904296875
2023-03-02,130.40316772460938
2023-03-03,130.5618133544922
2023-03-06,129.53060913085938
2023-03-07,129.45068359375
2023-03-08,128.89407348632812
2023-03-09,129.66146850585938
2023-03-10,129.58511352539062
2023-03-13,128.98370361328125
2023-03-14,129.88052368164062
2023-03-15,130.29733276367188
2023-03-16,130.95555114746094
2023-03-17,130.76284790039062
2023-03-20,128.71202087402344
2023-03-21,130.58445739746094
2023-03-22,130.5881805419922
2023-03-23,130.63584899902344
2023-03-24,129.8374786376953
2023-03-27,130.45333862304688
2023-03-28,130.1114959716797
2023-03-29,129.78369140625
2023-03-30,130.01602172851562
2023-03-31,129.8910675048828
2023-04-03,129.6827392578125
2023-04-04,129.6827392578125
2023-04-05,130.15968322753906
2023-04-06,129.68505859375
2023-04-07,129.39785766601562
2023-04-10,128.36007690429688
2023-04-11,129.40496826171875
2023-04-12,129.49192810058594
2023-04-13,129.83912658691406
2023-04-14,129.83912658691406
2023-04-17,129.41015625
2023-04-18,129.4929962158203
2023-04-19,129.74429321289062
2023-04-20,130.24755859375
2023-04-21,129.84054565429688
2023-04-24,129.81027221679688
2023-04-25,129.16067504882812
2023-04-26,129.53323364257812
2023-04-27,129.3631591796875
2023-04-28,129.27590942382812
2023-05-01,127.63577270507812
2023-05-02,129.08251953125
2023-05-03,129.25962829589844
2023-05-04,129.2838897705078
2023-05-05,129.3138885498047
2023-05-08,129.13890075683594
2023-05-09,129.2871856689453
2023-05-10,129.85121154785156
2023-05-11,129.7908172607422
2023-05-12,129.76992797851562
2023-05-15,129.53973388671875
2023-05-16,130.20550537109375
2023-05-17,129.95916748046875
2023-05-18,130.28744506835938
2023-05-19,130.51002502441406
2023-05-22,130.3413848876953
2023-05-23,130.95437622070312
2023-05-24,130.89950561523438
2023-05-25,130.50833129882812
2023-05-26,130.72938537597656
2023-05-29,130.8356475830078
2023-05-30,130.5440673828125
2023-05-31,130.7007598876953
2023-06-01,130.68663024902344
2023-06-02,130.25515747070312
2023-06-05,130.55422973632812
2023-06-06,130.32798767089844
2023-06-07,130.68226623535156
2023-06-08,130.37451171875
2023-06-09,130.5061798095703
2023-06-12,130.29771423339844
2023-06-13,130.333740234375
2023-06-14,130.27011108398438
2023-06-15,129.8455810546875
2023-06-16,129.8655242919922
2023-06-19,129.20249938964844
2023-06-20,129.5797119140625
2023-06-21,129.81353759765625
2023-06-22,129.61834716796875
2023-06-23,129.55503845214844
2023-06-26,128.79612731933594
2023-06-27,129.64927673339844
2023-06-28,129.70899963378906
2023-06-29,129.75404357910156
2023-06-30,129.5836181640625
2023-07-03,128.822265625
2023-07-04,129.40135192871094
2023-07-05,129.7070770263672
2023-07-06,129.92556762695312
2023-07-07,130.47567749023438
2023-07-10,129.84559631347656
2023-07-11,130.6436004638672
2023-07-12,130.52745056152344
2023-07-13,128.85118103027344
2023-07-14,130.91763305664062
2023-07-17,129.5550537109375
2023-07-18,129.69940185546875
2023-07-19,129.7891387939453
2023-07-20,129.8933868408203
2023-07-21,129.7784881591797
2023-07-24,129.58006286621094
2023-07-25,129.3773193359375
2023-07-26,129.3777313232422
2023-07-27,129.7300262451172
2023-07-28,129.58985900878906
2023-07-31,129.50120544433594
2023-08-01,130.16531372070312
2023-08-02,130.13026428222656
2023-08-03,130.78553771972656
2023-08-04,130.76177978515625
2023-08-07,130.08261108398438
2023-08-08,130.7393798828125
2023-08-09,130.89794921875
2023-08-10,131.00051879882812
2023-08-11,130.9756317138672
2023-08-14,131.51512145996094
2023-08-15,131.24229431152344
2023-08-16,131.8675079345703
2023-08-17,131.60134887695312
2023-08-18,131.60134887695312
2023-08-21,131.12060546875
2023-08-22,131.3157958984375
2023-08-23,131.1844940185547
2023-08-24,130.79769897460938
2023-08-25,130.47763061523438
2023-08-28,130.7831268310547
2023-08-29,130.64854431152344
2023-08-30,130.79075622558594
2023-08-31,130.86199951171875
2023-09-01,130.73866271972656
2023-09-04,131.4202423095703
2023-09-05,130.8292236328125
2023-09-06,131.5212860107422
2023-09-07,131.3426513671875
2023-09-08,131.46804809570312
2023-09-11,131.04493713378906
2023-09-12,130.92578125
2023-09-13,131.12158203125
2023-09-14,131.17678833007812
2023-09-15,131.18971252441406
2023-09-18,131.0179443359375
2023-09-19,131.5253448486328
2023-09-20,131.5121307373047
2023-09-21,131.65518188476562
2023-09-22,131.49380493164062
2023-09-25,130.59071350097656
2023-09-26,131.3522186279297
2023-09-27,131.52728271484375
2023-09-28,131.66024780273438
2023-09-29,131.5454559326172
2023-10-02,131.54962158203125
2023-10-03,131.55209350585938
2023-10-04,131.56800842285156
2023-10-05,131.3648223876953
2023-10-06,131.19839477539062
2023-10-09,130.96627807617188
2023-10-10,131.59266662597656
2023-10-11,131.6478271484375
2023-10-12,131.52584838867188
2023-10-13,131.4877166748047
2023-10-16,131.6336212158203
2023-10-17,131.6383514404297
2023-10-18,131.4235076904297
2023-10-19,131.6267852783203
2023-10-20,131.57427978515625
2023-10-23,131.1509246826172
2023-10-24,131.42196655273438
2023-10-25,131.35520935058594
2023-10-26,131.46755981445312
2023-10-27,131.56004333496094
2023-10-30,131.26612854003906
2023-10-31,131.49220275878906
2023-11-01,131.56564331054688
2023-11-02,131.63839721679688
2023-11-03,131.3694305419922
2023-11-06,130.48626708984375
2023-11-07,131.5613250732422
2023-11-08,131.5091552734375
2023-11-09,131.72203063964844
2023-11-10,131.66403198242188
2023-11-13,131.20806884765625
2023-11-14,131.83030700683594
2023-11-15,131.5137481689453
2023-11-16,131.48159790039062
2023-11-17,131.6684112548828
2023-11-20,131.0105743408203
2023-11-21,131.7338409423828
2023-11-22,131.70298767089844
2023-11-23,131.61927795410156
2023-11-24,131.8029022216797
2023-11-27,131.38487243652344
2023-11-28,131.84295654296875
2023-11-29,131.7028045654297
2023-11-30,131.65570068359375
2023-12-01,131.8766632080078
2023-12-04,131.76646423339844
2023-12-05,131.9120330810547
2023-12-06,131.71615600585938
2023-12-07,131.90756225585938
2023-12-08,131.90159606933594
2023-12-11,132.05601501464844
2023-12-12,131.93569946289062
2023-12-13,131.7991485595703
2023-12-14,131.89340209960938
2023-12-15,131.7330780029297
2023-12-18,131.96388244628906
2023-12-19,131.30320739746094
2023-12-20,131.44537353515625
2023-12-21,131.5266876220703
2023-12-22,131.60362243652344
2023-12-25,131.6287841796875
2023-12-26,131.6287841796875
2023-12-27,131.71728515625
2023-12-28,131.81736755371094
2023-12-29,132.24928283691406
2024-01-01,131.81402587890625
2024-01-02,131.93336486816406
2024-01-03,132.89105224609375
2024-01-04,132.04600524902344
2024-01-05,131.5913543701172
2024-01-08,131.11831665039062
2024-01-09,131.40985107421875
2024-01-10,131.5107879638672
2024-01-11,131.26055908203125
2024-01-12,131.29238891601562
2024-01-15,130.9160614013672
2024-01-16,130.90830993652344
2024-01-17,131.65432739257812
2024-01-18,131.6355743408203
2024-01-19,131.43017578125
2024-01-22,131.24322509765625
2024-01-23,131.40679931640625
2024-01-24,131.35617065429688
2024-01-25,131.42135620117188
2024-01-26,131.47503662109375
2024-01-29,131.42803955078125
2024-01-30,131.4173583984375
2024-01-31,131.14207458496094
2024-02-01,131.06446838378906
2024-02-02,131.13787841796875
2024-02-05,132.2679443359375
2024-02-06,131.45516967773438
2024-02-07,131.38645935058594
2024-02-08,130.93199157714844
2024-02-09,131.2154083251953
2024-02-12,131.121826171875
2024-02-13,131.0497283935547
2024-02-14,131.1575927734375
2024-02-15,131.26934814453125
2024-02-16,131.17691040039062
2024-02-19,131.23451232910156
2024-02-20,131.2462615966797
2024-02-21,131.12673950195312
2024-02-22,131.18417358398438
2024-02-23,131.1005401611328
2024-02-26,131.30438232421875
2024-02-27,131.01657104492188
2024-02-28,130.93875122070312
2024-02-29,130.8199005126953
2024-03-01,131.13099670410156
2024-03-04,130.62600708007812
2024-03-05,131.09669494628906
2024-03-06,131.09930419921875
2024-03-07,130.74734497070312
2024-03-08,130.23765563964844
2024-03-11,130.59796142578125
2024-03-12,130.87828063964844
2024-03-13,130.8593292236328
2024-03-14,130.79074096679688
2024-03-15,130.9549560546875
2024-03-18,131.1009063720703
2024-03-19,131.43582153320312
2024-03-20,131.27911376953125
2024-03-21,131.45321655273438
2024-03-22,131.45213317871094
2024-03-25,131.64894104003906
2024-03-26,131.82061767578125
2024-03-27,131.73182678222656
2024-03-28,131.802001953125
2024-03-29,131.80517578125
2024-04-01,131.6215362548828
2024-04-02,131.74105834960938
2024-04-03,131.88613891601562
2024-04-04,131.8330841064453
2024-04-05,131.9186553955078
2024-04-08,131.6236114501953
2024-04-09,131.3624725341797
2024-04-10,131.42308044433594
2024-04-11,131.564697265625
2024-04-12,131.8187713623047
2024-04-15,131.50808715820312
2024-04-16,131.83157348632812
2024-04-17,132.11993408203125
2024-04-18,131.9032745361328
2024-04-19,132.02883911132812
2024-04-22,131.67799377441406
2024-04-23,131.8955535888672
2024-04-24,131.63099670410156
2024-04-25,131.73753356933594
2024-04-26,131.52706909179688
2024-04-29,132.05905151367188
2024-04-30,131.94805908203125
2024-05-01,132.0045166015625
2024-05-02,132.67259216308594
2024-05-03,131.91506958007812
2024-05-06,131.70545959472656
2024-05-07,132.0769500732422
2024-05-08,132.05104064941406
2024-05-09,132.0764617919922
2024-05-10,132.1236572265625
2024-05-13,132.1349334716797
2024-05-14,132.0265350341797
2024-05-15,132.03150939941406
2024-05-16,131.68576049804688
2024-05-17,132.0358123779297
2024-05-20,131.06053161621094
2024-05-21,131.8320770263672
2024-05-22,131.70359802246094
2024-05-23,131.71859741210938
2024-05-24,131.59457397460938
2024-05-27,131.2645721435547
2024-05-28,131.37669372558594
2024-05-29,131.78355407714844
2024-05-30,131.90316772460938
2024-05-31,131.68287658691406
2024-06-03,131.8940887451172
2024-06-04,131.36602783203125
2024-06-05,132.10862731933594
2024-06-06,131.84701538085938
2024-06-07,131.8038330078125
2024-06-10,132.79501342773438
2024-06-11,131.95184326171875
2024-06-12,132.2921600341797
2024-06-13,132.0277862548828
2024-06-14,132.3810272216797
2024-06-17,131.9641571044922
2024-06-18,132.03482055664062
2024-06-19,131.85630798339844
2024-06-20,131.89964294433594
2024-06-21,132.2218475341797
2024-06-24,131.88607788085938
2024-06-25,131.97357177734375
2024-06-26,131.95391845703125
2024-06-27,132.19998168945312
2024-06-28,132.02293395996094
2024-07-01,131.6068878173828
2024-07-02,131.99916076660156
2024-07-03,131.9493408203125
2024-07-04,132.01995849609375
2024-07-05,132.0238800048828
2024-07-08,132.1812286376953
2024-07-09,132.0482177734375
2024-07-10,132.09487915039062
2024-07-11,132.04164123535156
2024-07-12,132.10025024414062
2024-07-15,131.70169067382812
2024-07-16,132.15478515625
2024-07-17,132.1588592529297
2024-07-18,132.06715393066406
2024-07-19,132.28858947753906
2024-07-22,132.27842712402344
2024-07-23,132.35037231445312
2024-07-24,132.30972290039062
2024-07-25,132.39453125
2024-07-26,132.3855438232422
2024-07-29,132.412353515625
2024-07-30,132.44590759277344
2024-07-31,132.43177795410156
2024-08-01,132.25152587890625
2024-08-02,132.30189514160156
2024-08-05,131.20907592773438
2024-08-06,132.82943725585938
2024-08-07,132.80450439453125
2024-08-08,132.7667694091797
2024-08-09,132.76315307617188
2024-08-12,132.62319946289062
2024-08-13,132.8155059814453
2024-08-14,132.7661895751953
2024-08-15,132.76629638671875
2024-08-16,133.23399353027344
2024-08-19,132.26858520507812
2024-08-20,132.66250610351562
2024-08-21,132.19503784179688
2024-08-22,132.8172607421875
2024-08-23,132.8855743408203
2024-08-26,131.63937377929688
2024-08-27,132.71653747558594
2024-08-28,132.74566650390625
2024-08-29,132.78489685058594
2024-08-30,132.97640991210938
2024-09-02,132.82957458496094
2024-09-03,132.77520751953125
2024-09-04,132.76861572265625
2024-09-05,132.5274200439453
2024-09-06,132.6805877685547
2024-09-09,133.04429626464844
2024-09-10,132.8238067626953
2024-09-11,132.87152099609375
2024-09-12,132.7400665283203
2024-09-13,132.85647583007812
2024-09-16,132.88668823242188
2024-09-17,132.55857849121094
2024-09-18,132.6127471923828
2024-09-19,132.48817443847656
2024-09-20,132.50314331054688
2024-09-23,131.99749755859375
2024-09-24,132.03994750976562
2024-09-25,132.37179565429688
2024-09-26,132.9644012451172
2024-09-27,132.41485595703125
2024-09-30,132.345703125
2024-10-01,132.16140747070312
2024-10-02,132.46633911132812
2024-10-03,132.79861450195312
2024-10-04,132.8934783935547
2024-10-07,133.26292419433594
2024-10-08,132.7329864501953
2024-10-09,132.74359130859375
2024-10-10,132.845703125
2024-10-11,132.8236541748047
2024-10-14,132.74761962890625
2024-10-15,132.989013671875
2024-10-16,132.91807556152344
2024-10-17,132.84857177734375
2024-10-18,132.9146270751953
2024-10-21,132.5536651611328
2024-10-22,132.92559814453125
2024-10-23,132.9666748046875
2024-10-24,133.04977416992188
2024-10-25,132.952392578125
2024-10-28,133.2163848876953
2024-10-29,132.87515258789062
2024-10-30,132.9415740966797
2024-10-31,133.08029174804688
2024-11-01,132.77175903320312
2024-11-04,132.84014892578125
2024-11-05,133.09555053710938
2024-11-06,133.05038452148438
2024-11-07,133.7958984375
2024-11-08,133.3844451904297
2024-11-11,134.1614227294922
2024-11-12,133.4033660888672
2024-11-13,133.5915069580078
2024-11-14,133.4358673095703
2024-11-15,133.41943359375
2024-11-18,133.22080993652344
2024-11-19,132.79196166992188
2024-11-20,133.52586364746094
2024-11-21,133.38291931152344
2024-11-22,133.56146240234375
2024-11-25,133.384521484375
2024-11-26,133.2967529296875
2024-11-27,132.85977172851562
2024-11-28,133.5414581298828
2024-11-29,133.474853515625
2024-12-02,133.47413635253906
2024-12-03,133.86209106445312
2024-12-04,133.94479370117188
2024-12-05,134.0738067626953
2024-12-06,133.96554565429688
2024-12-09,134.0371551513672
2024-12-10,134.16244506835938
2024-12-11,134.2289276123047
2024-12-12,133.9010772705078
2024-12-13,134.2213134765625
2024-12-16,133.76255798339844
2024-12-17,134.1147918701172
2024-12-18,134.29505920410156
2024-12-19,134.35430908203125
2024-12-20,134.53314208984375
2024-12-23,133.85153198242188
2024-12-24,134.78985595703125
2024-12-25,134.4783935546875
2024-12-26,134.4783935546875
2024-12-27,134.34471130371094
2024-12-30,135.4184112548828
2024-12-31,135.15675354003906
2025-01-02,135.15675354003906
2025-01-03,135.61929321289062
2025-01-06,135.42198181152344
2025-01-07,135.64794921875
2025-01-08,135.56283569335938
2025-01-09,135.8711700439453
2025-01-10,135.6792755126953
2025-01-13,136.64602661132812
2025-01-14,137.14280700683594
2025-01-15,136.96995544433594
2025-01-16,136.6092071533203
2025-01-17,136.90536499023438
2025-01-20,136.85702514648438
2025-01-21,136.8324737548828
2025-01-22,136.8391571044922
2025-01-23,136.72828674316406
2025-01-24,136.67515563964844
2025-01-27,136.0620574951172
2025-01-28,136.392822265625
2025-01-29,136.90811157226562
2025-01-30,137.00022888183594
2025-01-31,136.8411407470703
2025-02-03,139.04063415527344
2025-02-04,136.48989868164062
2025-02-05,137.76385498046875
2025-02-06,138.314208984375
2025-02-07,138.46978759765625
2025-02-10,138.95022583007812
2025-02-11,138.3561248779297
2025-02-12,137.05064392089844
2025-02-13,137.34329223632812
2025-02-14,137.62649536132812
2025-02-17,136.68905639648438
2025-02-18,137.32260131835938
2025-02-19,137.5233154296875
2025-02-20,137.25051879882812
2025-02-21,136.90188598632812
2025-02-24,136.58401489257812
2025-02-25,137.02154541015625
2025-02-26,137.7210693359375
2025-02-27,137.82470703125
2025-02-28,137.74732971191406
2025-03-03,138.52305603027344
2025-03-04,137.92349243164062
2025-03-05,137.9575958251953
2025-03-06,137.59088134765625
2025-03-07,137.71617126464844
2025-03-10,137.64683532714844
2025-03-11,138.31082153320312
2025-03-12,137.96243286132812
2025-03-13,138.09561157226562
2025-03-14,137.67095947265625
2025-03-17,137.1911163330078
2025-03-18,137.4057159423828
2025-03-19,136.8578643798828
2025-03-20,136.4732666015625
2025-03-21,136.47610473632812
2025-03-24,136.14801025390625
2025-03-25,135.42543029785156
2025-03-26,135.51763916015625
2025-03-27,135.5701446533203
2025-03-28,135.50294494628906
2025-03-31,133.71849060058594
2025-04-01,135.18006896972656
2025-04-02,135.55885314941406
2025-04-03,135.1441192626953
2025-04-04,135.03118896484375
2025-04-07,135.7974853515625
2025-04-08,135.86474609375
2025-04-09,136.21774291992188
2025-04-10,137.25332641601562
2025-04-11,136.31578063964844
2025-04-14,136.20111083984375
2025-04-15,136.06884765625
2025-04-16,135.7286834716797
2025-04-17,135.39471435546875
2025-04-22,135.007568359375
2025-04-23,134.74887084960938
2025-04-24,135.0816192626953
2025-04-25,134.86659240722656
2025-04-28,135.07711791992188
2025-04-29,134.52064514160156
2025-04-30,134.7478790283203
2025-05-01,133.69175720214844
2025-05-02,134.12667846679688
2025-05-05,134.03424072265625
2025-05-06,133.3433074951172
2025-05-07,133.4427947998047
2025-05-08,134.0413055419922
2025-05-09,135.25379943847656
2025-05-12,134.93801879882812
2025-05-13,134.12518310546875
2025-05-14,134.88511657714844
2025-05-15,135.0179901123047
2025-05-16,135.2948760986328
2025-05-19,135.43992614746094
2025-05-20,135.1310577392578
2025-05-21,135.28179931640625
2025-05-22,135.23834228515625
2025-05-23,135.84307861328125
2025-05-26,134.667724609375
2025-05-27,134.62615966796875
2025-05-28,135.0668182373047
2025-05-29,135.0800018310547
2025-05-30,135.3637237548828
2025-06-02,135.15725708007812
2025-06-03,135.06021118164062
2025-06-04,135.88021850585938
2025-06-05,135.84228515625
2025-06-06,135.7052459716797
2025-06-09,135.73727416992188
2025-06-10,135.6623992919922
2025-06-11,135.3887939453125
2025-06-12,135.4540557861328
2025-06-13,135.24270629882812
2025-06-16,135.60641479492188
2025-06-17,136.06546020507812
2025-06-18,136.39596557617188
2025-06-19,136.7335968017578
2025-06-20,137.1786346435547
2025-06-23,136.9993438720703
2025-06-24,137.2025146484375
2025-06-25,136.05136108398438
2025-06-26,136.2126007080078
2025-06-27,135.4080047607422
2025-06-30,135.2689208984375
2025-07-01,135.855712890625
2025-07-02,135.3474884033203
2025-07-03,135.2633514404297
2025-07-04,134.99826049804688
2025-07-07,135.09954833984375
2025-07-08,135.92501831054688
2025-07-09,135.5079803466797
2025-07-10,135.5828857421875
2025-07-11,135.6536865234375
2025-07-14,135.67697143554688
2025-07-15,136.0194549560547
2025-07-16,135.9078826904297
2025-07-17,136.03131103515625
2025-07-18,136.0419921875
2025-07-21,136.4039764404297
2025-07-22,136.42137145996094
2025-07-23,136.7180633544922
2025-07-24,136.79542541503906
2025-07-25,136.761962890625
2025-07-28,136.7953338623047
2025-07-29,137.19448852539062
2025-07-30,137.4679412841797
2025-07-31,138.4363250732422
2025-08-01,138.58494567871094
2025-08-04,136.31939697265625
2025-08-05,138.5845184326172
2025-08-06,138.93045043945312
2025-08-07,139.00421142578125
2025-08-08,138.67015075683594
2025-08-11,138.46530151367188
2025-08-12,138.82823181152344
2025-08-13,138.81466674804688
2025-08-14,138.5494384765625
2025-08-15,138.61648559570312
2025-08-18,138.26889038085938
2025-08-19,138.1988067626953
2025-08-20,137.86895751953125
2025-08-21,137.5882110595703
2025-08-22,138.02957153320312
2025-08-25,136.9405975341797
2025-08-26,138.50186157226562
2025-08-27,138.6493377685547
2025-08-28,138.97752380371094
2025-08-29,138.58079528808594
2025-09-01,139.34117126464844
2025-09-02,139.54551696777344
2025-09-03,139.6758575439453
2025-09-04,139.54356384277344
2025-09-05,139.5150146484375
2025-09-08,139.40029907226562
2025-09-09,138.87960815429688
2025-09-10,139.5223388671875
2025-09-11,139.52955627441406
2025-09-12,139.96347045898438
2025-09-15,139.73826599121094
2025-09-16,139.51832580566406
2025-09-17,139.47427368164062
2025-09-18,139.00917053222656
2025-09-19,139.52667236328125
2025-09-22,139.61094665527344
2025-09-23,139.69528198242188
2025-09-24,140.4951629638672
2025-09-25,140.7081298828125
2025-09-26,140.43954467773438
2025-09-29,139.89918518066406
2025-09-30,140.52992248535156
2025-10-01,140.89195251464844
2025-10-02,140.3800811767578
2025-10-03,140.59242248535156
2025-10-06,140.65328979492188
2025-10-07,140.51223754882812
2025-10-08,140.66033935546875
2025-10-09,140.4829559326172
2025-10-10,141.30709838867188
2025-10-13,139.94142150878906
2025-10-14,140.40921020507812
2025-10-15,140.58120727539062
2025-10-16,139.45907592773438
2025-10-17,139.18321228027344
2025-10-20,139.74261474609375
